0,Xu_201606_HM406_CO 
1,Xu_201606_HM422_CO1 
2,Xu_201606_HM440_CO 
3,Xu_201606_HM441_CO 
4,Xu_20170519_HM465PC 
5,Xu_201606_HM483_PCA 
6,Xu_201606_HM504_PCA 
7,Xu_20161219_HM518CoN 
8,Xu_201606_HM520_CoN 
9,Xu_201606_HM533_CoA 
10,Xu_201606_HM538_PCN 
11,Xu_201606_HM539_PCN 
12,Xu_20170519_HM557PCN 
13,Xu_20170519_HM560PCA 
14,Xu_20170519_HM562PCN 
15,Xu_20161219_HM564PC 
16,Xu_20170519_HM568PC 
17,Xu_201606_HM569_PCA 
18,Xu_201606_HM574_PCN 
19,Xu_20170519_HM579PCA 
20,Xu_20170519_HM588PCN 
21,Xu_201606_HM601_PCA_160803133134 
22,Xu_20170519_HM417CO 
23,Xu_201606_HM421_CO 
24,Xu_201606_HM427_CO 
25,Xu_201606_HM466_CO 
26,Xu_201606_HM467_PC 
27,Xu_201606_HM502_PCN 
28,Xu_201606_HM513_PCN 
29,Xu_201606_HM523_CoN 
30,Xu_201606_HM527_CoN 
31,Xu_201606_HM528_CoN 
32,Xu_20161219_HM531CoN 
33,Xu_20170519_HM537PCN 
34,Xu_20170519_HM540CoN 
35,Xu_20170519_HM544PCN 
36,Xu_201606_HM561_PCN 
37,Xu_20161219_HM563PCN 
38,Xu_20161219_HM572PCN_161223190829 
39,Xu_20170519_HM581PCN 
40,Xu_201606_HM590_PCN 
41,Xu_201606_HM594_PCN 
42,Xu_201606_HM607_PCN 
43,Xu_20170519_HM609PCN 
44,Xu_20170519_HM405CO 
45,Xu_20170519_HM435CO 
46,Xu_20170519_HM442CO 
47,Xu_201606_HM464_PC 
48,Xu_201606_HM505_PCA 
49,Xu_20161219_HM514CoN 
50,Xu_20161219_HM543PCA 
51,Xu_20170519_HM550PCN 
52,Xu_20170519_HM558PCN 
53,Xu_201606_HM573_PCA 
54,Xu_20170519_HM580PC 
55,Xu_201606_HM582_PCN 
56,Xu_20170519_HM599PCN 
57,Xu_201606_HM602_PCA 
58,Xu_201606_HM616_PCA 
59,Xu_20161219_HM617PCA 
60,Xu_20161219_HM620PCA 
61,Xu_201606_HM621_PCA_160621144203 