,HM504_CD_Yes,HM440_CD_Yes,HM483_CD_Yes,HM406_CD_No,HM574_CD_No,HM422_CD_Yes,HM569_CD_Yes,HM539_CD_No,HM538_CD_No,HM520_CD_No,HM441_CD_No,HM533_CD_Yes,HM601_CD_No,HM564_CD_Yes,HM518_CD_No,HM588_CD_No,HM560_CD_Yes,HM562_CD_No,HM568_CD_Yes,HM579_CD_Yes,HM557_CD_No,HM465_CD_Yes,HM421_Control_No,HM502_Control_No,HM513_Control_No,HM590_Control_No,HM527_Control_No,HM528_Control_No,HM523_Control_No,HM467_Control_No,HM427_Control_No,HM594_Control_No,HM466_Control_No,HM561_Control_No,HM607_Control_No,HM563_Control_No,HM572_Control_No,HM531_Control_No,HM544_Control_No,HM537_Control_No,HM581_Control_No,HM417_Control_No,HM540_Control_No,HM609_Control_No,HM621_UC_Yes,HM464_UC_Yes,HM505_UC_Yes,HM573_UC_Yes,HM602_UC_Yes,HM616_UC_Yes,HM582_UC_No,HM543_UC_Yes,HM617_UC_Yes,HM620_UC_Yes,HM514_UC_No,HM558_UC_No,HM580_UC_Yes,HM550_UC_No,HM599_UC_No,HM405_UC_Yes,HM442_UC_Yes,HM435_UC_No
0,15.377007518568963,-2.9686684484984083,20.058853168861283,2.05894507978662,-6.015012065084521,0.4228441056215647,-0.5236195075075476,-5.160063018418461,22.661585802452688,14.376550835787354,29.966605713355808,-4.965065739578092,-20.464069016577547,24.09085141793964,119.50610692721621,-66.6879149785796,-23.61906640009762,-15.413301636028192,-7.724674562425539,-18.477193502112772,-14.580141573631341,-3.2940851738441608,14.234192850287503,-3.959125225862574,19.50624755181748,-16.322205728066177,-23.020343336841925,-19.05998221256339,9.213973644164572,21.409691719985084,16.793670269909274,26.15007287446955,-3.4504312938903117,6.052376358082325,15.903522779213702,94.8979329356229,94.78488901832951,113.12168877319546,-4.636081531371077,5.8109864125086945,-18.91493014070517,-12.416862486005671,-11.16447873015607,-3.5796513935052774,-2.9049045262161406,10.687287479173838,-18.12443999047829,-12.15081851215238,0.25079359228338455,-8.376201570251295,7.297787570622786,8.657738136112789,4.973347318172887,138.20520885111065,104.85109894153032,-22.8604631663974,-107.61074139804816,-5.138173681882679,-12.504587796528664,-12.230622674529423,-17.378754616833408,-12.008274905122255
1,62.21480143204817,9.697542980114386,37.264973821498096,21.340027921104816,19.993811644649696,1.3848891600494895,6.957696943286663,3.2317413614062964,8.274160899893175,11.260448806121003,7.56665191150244,8.815223058737132,18.42120501214851,7.090300270366158,7.715074785193225,18.381100496667433,10.24413383919143,10.874870379474851,4.0913716426681805,10.556527104767925,20.595304583436896,10.454890539210705,66.53798422103964,-245.72479487748294,120.91371263916146,16.447528420350892,23.865425523199605,20.58326245815088,3.964210709726068,7.295677490205634,2.589911198501101,4.303652905358542,12.082478673949229,15.800638936734314,16.451921957293024,-4.328655086503238,4.8730110507463165,-3.1721330454094163,11.021773364751281,16.973552380715127,14.37417504315546,21.373145879830453,18.538156443278552,22.801213165944272,27.16908053003946,45.089933964029484,17.29425290399048,0.4199070950201233,7.009814283772572,1.25685091870517,18.963283640655785,4.601300073033531,12.77372777966906,3.9321746123216292,-1.8287739738374014,6.287117816921331,12.28817033674857,13.457205712470527,3.3125790377216435,7.99726757615595,11.285090047883454,9.853175921425494
2,11.218282336950303,-5.285582895583729,-0.7698647607332589,-4.626426072519164,-10.98237007529937,-11.183855539619511,-10.451704213000532,-8.850033776089573,-4.152894239588253,2.384643013441369,-4.819294159753233,-4.596057534338917,-3.609336055620606,-3.7270529799916288,-3.5855143620682406,-8.871677811810187,0.14100970981877084,217.19024986692474,4.544686071621382,2.944627865485661,-0.5793786460773211,-16.410811019785136,4.328634337008125,5.18294060091687,3.0235119577385063,-0.16523369643529046,-4.576976601891935,-5.14098573367309,-3.539317359951536,-2.3381838364358303,0.7979631533574265,-4.550040182287275,-4.20649881500362,-2.2252920564876613,-1.9054556155541014,-0.2716321538942305,-10.626794485238802,-4.6346288049885285,-0.8786240933949375,-2.509562570444465,4.309067973907662,4.652859761590557,0.6171045835442465,-2.313790879667528,-10.541584295591838,-2.4037444737952054,-5.817719603994151,-7.773803920130821,-5.278171466269196,-5.690705448807946,-4.70424317567461,-7.436478958809396,-3.982766694090991,-8.703047979431396,-10.207046270493768,-3.880050266384723,-8.558219022254274,-9.881733422300908,-51.57494236217412,-9.92776933270819,-184.59353511302803,-6.407018918340632
3,0.7494281405024209,35.66502735138363,5.762480411880711,-231.66582374475422,36.91069268327646,37.1143903563719,44.35664175022134,41.5873774051357,49.79440852068392,45.75527293363827,63.681167071846694,43.22992076471291,52.33082120104927,67.93445129559119,50.80409187057293,100.65751379665784,6.674139664217981,35.010505204477674,26.814526408111178,19.439685812964903,11.328441093912604,47.85030748968905,16.930354122577793,6.701245669563463,15.34858224829199,34.27615773928534,31.483153225078283,25.474140868467263,52.60556130385818,49.80825355750185,57.55346095238659,49.221286839707915,56.7799085626755,81.20306498346933,79.56514441830039,51.40897658886676,91.27430712270935,83.85864660438841,19.708618962430144,21.77157783738578,24.755373927532702,48.09598189148525,31.134148148609174,29.670696889794723,21.45095505396076,20.235443750955415,50.433985885472566,54.70416609117655,71.19436316535442,57.95798359762297,62.51149559135118,65.846717069554,68.11747930927217,61.82953518159178,45.632382330043704,65.27301420849855,101.20758201355108,16.915396648159057,36.8854221629234,39.22082711988885,29.161652351078313,28.795856726172044
4,-38.510428871396115,-1.5579547027233727,-29.949007320581444,15.52736262494013,-0.5386297969463046,32.53965568061708,41.23316074185944,35.11249037122091,76.62842126365007,69.25645704488603,57.916086345617,-4.755960445521903,-17.102967827987374,17.90133903225878,21.27840107598225,23.46453064615903,2.007664440033496,14.499077634424317,16.76127590707807,16.61480396170426,-2.936172796922382,4.5881171691812765,-37.85552930725523,-52.36161535286202,-38.17832147963598,-19.374045370011412,12.39478092503916,9.52290040177638,98.0568334685477,103.73983419944452,112.11227229249981,61.535635320161425,77.09896477325702,-143.9578064806705,-102.10655477753771,18.472080748346468,28.529477343632703,19.969147368633344,6.6558504620504255,1.7720844663122726,4.091619341260138,34.65045871585185,14.261562971785036,11.264486337086007,-12.242027096705216,-15.363162369468116,19.991608540128507,53.82005419074103,57.085893018716625,50.43784969475503,-41.74699269477333,-13.151009675616688,-2.1551277626008103,30.902698508190383,16.578984003683093,19.3980063613876,40.98767129530535,-2.4305124773700215,15.69372802852332,-0.25190635425237706,18.190425230366905,4.335680257051516
5,-0.797460799005754,-26.898439244743376,-1.6051061846393622,-71.31518293466368,-36.4873776873612,-9.11202658059297,-18.35351249486958,-9.567723487929822,-27.06805514202151,-21.86025833367976,-19.186194960115724,-19.71117292611417,-30.359677765295253,202.55285733400794,-31.957711177618897,-34.115076553221954,-6.704683454125277,-15.941877330606712,2.012575137089479,-0.6233681006858849,-4.835951294218946,9.588044952702614,-11.248737153871316,-6.686108274787073,-12.267908093238404,-28.178742004123528,-6.602671623389705,-9.22738142042057,-19.47497696378498,-20.720533739401368,-11.655376415664794,-13.830035016045155,-18.501853260960416,-31.717416270852468,-29.577895374638672,-16.248612763472202,-57.189081818188754,-51.330444384221956,-24.20395642301006,-14.68653780927034,-6.688193930317213,-24.364592062904606,-11.374019733558173,-10.971166099345668,-26.248217477140436,-20.603973062083508,-28.447789255614822,-14.22053674898996,-24.641046500955106,-7.11498700983269,-45.82567825906647,-68.43880826385718,-123.6009873000076,-27.974983766214997,-16.101004865821,-28.628373351227324,-39.13661531550863,-4.52047909867306,-20.41788553282659,15.627746788783229,-13.492063641358572,-8.846875388377567
6,-5.013992417336814,-2.2140501431041715,-0.18968033014540708,-6.134658642973277,-4.380380554034901,-5.4747642280005415,0.6929683779346126,-4.486495727756546,-1.9512904688935626,0.22957201908963026,1.953805244227157,5.9839259302755465,-7.324310168509186,-3.0844994948632363,2.7423896476496226,-2.4211325683854024,-2.678635834977159,-1.1123040702576923,-2.5830919478844225,-1.6445744081304172,-0.40138804083099316,-2.3847400696933287,0.31482482088586633,-3.4301273287551317,-0.2892790897861848,-1.075134904268271,4.461827382591892,4.915918124734889,-0.140638962492607,6.19265130525953,-3.6811101233111083,5.404186152364515,4.65011078785164,0.39422196900102385,-0.19262503120339317,-3.0865957205153007,-6.000142617948958,-5.443645124225508,8.778312726459646,0.9557757233140203,1.849011462297772,-6.344584876605848,0.07200733717020424,-1.1955038229723542,-7.522473432664351,6.931048558830229,-4.658609233991269,-217.6745304998114,-18.530804231365565,214.440533296898,-1.3720071493764998,-4.607156682733674,-3.5004922617288723,-2.829957201298134,-5.646791475119897,0.7821412799198236,-7.374328840507852,1.4662557526007927,-0.2908976123559357,0.35649621516104835,1.1114163333041158,-5.937239546913389
7,45.661438532015644,49.65402228314317,55.5681871501278,30.873074031472118,63.699072511274856,48.61018595731458,43.06933928945367,46.754501869729985,21.283148216209153,18.862702626767625,12.068114311943686,30.79663554346466,54.21249714994701,3.7296267498637006,13.863433575468367,16.889797796253585,-3.2610870396021934,2.7320969427668524,-0.9102554838588222,1.8996386335712578,-3.3312304712748584,8.17384641121838,29.364109232504767,28.638059850823755,39.78658541730721,5.595049105170029,5.029603705084896,3.454638597904231,6.390822952726669,7.353669622370303,8.899515422809326,0.2930700055430727,10.277152339082948,18.352170499445684,18.646103294564078,3.426128941163786,26.485119184419013,2.802661430581889,-3.490588459737552,1.2600431737384037,12.0264434031493,21.021445828220834,8.195029538609013,4.431948121538182,-266.1574399102156,68.84762872496435,39.55425201380219,34.46538954108891,48.44863301355018,33.9865009379054,19.510862708241916,10.580282504431135,14.922183100633667,0.3863399328115424,2.3374848479744665,6.949281084769417,20.165504152753243,-2.3348158998778037,2.532610650330781,10.95937314096477,3.5173979657994736,4.636930183490608
8,17.582540840196142,17.38753593480302,-2.4587494015419518,28.821999420309226,30.303412407533273,3.9678278280596886,22.290551635126675,4.742605619136137,21.689508328200233,16.02429467435064,27.38674885312771,2.764344547408545,34.61204545867709,-0.23343928885525048,119.2785390302847,14.901135087186432,8.65754483911317,8.01240633961594,-1.1251814418582284,7.00266340536823,15.768574203633712,2.512175430462301,-10.558061141479083,13.57975700775312,6.3383031670131516,31.939280938950436,-14.364569546922409,-9.17008185639922,2.1381517116953304,2.414510090964106,7.066419566207177,5.498985169539313,15.067576367753905,39.08177251744413,17.573435929982022,104.22236037588002,114.47871948602818,-174.32145463087653,-15.869389824487405,-2.052974067838979,16.45751848188557,28.100896778868332,10.588574953477032,15.594452157292679,31.664788370213977,4.802138813159168,24.668100002706,1.3898633182771847,8.625993684480113,7.224427254392469,31.3948687676412,19.07173660400598,6.304424068133313,53.59018208372775,-29.224667890478035,-18.40787102177613,32.36153420119892,22.897381152456468,18.458510405954133,1.5154007511518097,2.627117131467303,15.006733496494633
9,90.39040809776061,10.289227097894335,81.06539689675968,25.230749077801192,49.76677730786047,3.608804097123298,-16.170640736114443,-20.428615878060082,-26.40347917132303,-25.37345004540394,-39.85249817908451,-34.1098009243865,42.30984295094763,30.82615607207519,120.99579109762759,141.00635664557598,52.748058820699,39.598912558434684,53.544394812607784,60.74650335332715,63.56582160552048,47.82123206834475,78.6166068754989,91.50208773544489,76.23713131112821,60.99337302516058,-7.99583726089567,-1.630718777626166,-32.99851491746799,-31.470749333586667,-30.71831274279261,-5.442405452633372,-46.41439572807303,-77.92570029913665,-92.0928221448797,58.52888095437798,86.23561162960775,63.10143183535223,69.51628171269259,56.75679628956894,62.09936495154993,37.31331278976768,48.39524472337473,62.4490281925862,78.25413762880878,76.66411651676503,46.95343101531737,-14.927736284664025,-9.616458262351186,-24.581091323739358,-22.023733476136325,-46.120918214460126,-24.352834729036577,106.57775351182325,122.31571278122877,98.24249137528889,132.61658777359088,55.7942908255729,37.596930890549814,45.602149747449786,52.036232954814295,63.600056062992294
10,15.928777681423583,24.484675399347996,21.65097704961734,60.921391923235745,38.807862993579256,30.103831521712006,41.96943213550852,44.402308609570376,29.490672359258365,18.71413850244098,50.48959795569349,25.894447762414163,36.11727336816194,12.628232656844057,38.520517879015806,34.38984057710851,15.673705442483664,35.821244237558474,26.933834028352354,16.881192290917266,19.030033963210762,31.658228192416026,24.925077175891523,7.7762236315882864,14.711565213599805,31.17881676103746,18.58852963420884,18.8684329621377,35.12060356705409,33.244975806015525,43.83577762665688,30.559633117592096,37.103721588237626,121.87611627926142,78.06071997710687,2.7227605008553835,39.742413645141696,25.76304096901547,13.812031917947795,21.87891489304831,6.389671434428925,15.921301072804692,13.970298831071982,15.783773041753104,30.810887396921157,30.01755198511437,45.070880375333246,42.96577169257405,53.39585616061854,43.45588652421326,-226.9786631681058,30.647591154954018,21.74698850954557,20.135656364918386,-1.3351151439741653,18.978530973437795,32.61148337062643,25.471505026065167,30.664094796499327,35.47739539339041,27.909635021065476,41.67565046634797
11,4.667030897869976,-0.6953890330846616,1.8343164986302387,-2.7810152097990115,0.44553409439695396,-3.22667606298147,-1.3799316844065275,-0.4551841331492994,-2.987083905802879,-1.5896780999837665,-0.36127481925227795,-4.976153279635031,1.1829041311184505,-6.065156222445186,-2.898759702646736,3.603111001854491,-1.8819171075977281,-0.02659199655924396,201.212269193945,-218.6705082590794,-0.035535078090948996,-2.3233258142189497,11.919875093129283,6.207414677133267,11.065356913265544,-2.0903327212829526,2.6455727150032016,-1.835790000854701,3.5876917862342235,3.29164415867721,-0.8821598250154205,-4.580088549985453,4.984738060822601,-3.171993962789067,-0.43781425344078634,1.4463307996674535,5.253627112310439,2.4791730525247933,4.753326528418009,3.51351626976219,12.805395266697616,0.9990496775208961,1.607847747136337,0.40312278496621107,3.157427996834014,6.444980789744521,-3.6273596733925815,-1.0763337836108513,2.1106326110971554,-3.3896377267697293,-3.4570186897367106,-0.18268362355669518,3.5227614885007554,1.4569376037942947,-2.501179482846389,-0.9904997040133355,5.969082966498302,3.4599463282529714,0.47900919910199813,0.2325394716854366,9.441993110049667,15.021817294112285
12,0.49715551044364625,1.235252218613259,2.604882022598481,0.06259061599910316,1.7312426342686849,2.137746381786854,5.4375140562996105,1.2752592789977113,7.090077559963209,-1.36977522956364,8.594339151997282,6.935819970064174,-2.1479094328470665,-2.6969562660852815,4.72402555578551,-1.2871013547476395,-0.6889354906697644,-1.3096856212337975,0.6312845429164516,2.8562755211030946,-2.281364234110214,0.7203951143493563,8.390224617980584,7.676001905296347,3.4957187657671436,7.618411866448209,194.2007135878479,-195.77659185924628,7.5252553833825,3.226763280507722,6.227944531351847,5.97926258293593,6.314160404476862,6.463943239425056,3.309355006233707,16.550739168663263,1.910774393615789,3.461646190434705,3.8386742882823603,7.049325161784347,-2.661310566285436,1.0982819612677996,-3.0023841379465734,2.5305707360434004,0.5982429057421164,4.684278571005046,0.5994098858859511,0.6563923064414646,-1.012406097133192,3.184197101857033,4.85303492066476,1.5994148874925684,-0.1160566381951498,2.880946524821553,19.846640522351308,-7.326708467919737,11.378950815415084,3.5911993651204455,1.6446324518214746,-2.260401803551153,-0.42847994817513274,2.825375548630592
13,-6.446151216853704,-16.60027645391346,-12.08876324785605,-14.290891933767604,-12.338679235187712,-13.720250404099021,-18.147533822501007,-8.313534656925713,-6.495543405631903,-4.1996647085202365,12.569837682719253,-13.392291740477205,-11.891580310569497,-1.8435043511479015,156.00102412228557,-14.460653897549532,-10.72649468948381,-0.497232529424338,0.8534732874219477,-1.1736859397250894,-6.3610606833632275,10.164092306232371,-2.8532727734408017,1.606882054179773,-10.086408853487605,2.8507688463668464,9.985166875119416,6.452773035619572,9.541160168123067,12.725490537796615,4.294836979582371,11.136371955864838,3.6465907638175854,1.256962753215999,0.44316801738536216,-141.82917033098383,-77.38391636679754,-40.782833801029604,-3.542718044727725,3.3290957053944386,-2.8156668601550936,21.720605560243413,-0.5100463286573239,-4.112662251673177,-10.521011381648716,-20.43361378099072,-7.9896933538106145,-0.27807917092682005,-9.993742775295479,-8.04999694069669,12.422018601938184,2.3296760037127244,2.409656072101742,-15.807641887683328,63.67188261673762,-20.08038408346844,1.0002165188690544,-1.4431964880883348,12.009903150414,10.86815722000464,4.5415757575058535,6.129971964992018
14,22.558232407341382,22.09184693209783,35.16939942547272,43.67260734292642,-244.4335877722427,111.81398365241802,85.04238576336003,92.52593956063292,4.596119451252657,9.10065577793269,5.394462583062298,12.109878244682088,29.02558813846448,6.453275319787862,23.67050856007453,35.26496062940259,-5.544422840667493,18.837105260880172,12.270578848816246,9.379484886224855,6.498009940498786,25.600436771777396,15.1307348425531,11.628630342520983,19.009024362554037,4.608025397463916,16.696992987735975,14.023322770855415,7.602027331877296,10.9433567712559,0.593380431584131,7.889094290220976,4.400676080817805,27.428065589155217,31.30065253250755,16.161556966147227,17.52116089419233,12.432999343766422,10.806169589886464,7.708491326337675,8.541859234976396,14.395486912281378,8.736907865649636,7.374347164688582,11.187843304419918,38.433044553712655,49.25590308917326,33.78131170458748,42.46920141591999,37.27102149174005,23.257854211118037,19.858164746643414,19.647117896516527,18.835191821302,1.0089360994075356,24.33856760009441,29.439410612598724,3.056865260213081,11.304859884597656,27.08039713707435,14.147297259798949,26.417632767219377
15,-8.699884886622286,1.4489572591552204,-5.676885703852691,6.755365179871302,5.76681196204862,5.5216632159709365,4.573984867989235,8.49333404734,2.9571628466007662,-7.218201591068026,-6.6597980322585215,-1.6217621930588817,5.037904459880246,-7.4088778256396335,3.5950443809717676,-5.416595395318981,-5.569171118047873,3.255346628010127,-1.263196375843662,3.743601945106542,-4.216106414533105,-230.46221151097504,1.1686730436705617,3.416447691806317,7.1369167346524565,-2.9227492011074316,-4.283888212995689,-7.3655210413890755,2.2277132610956865,0.2127114766887576,-0.6333960121839228,-2.9418657566694746,5.720985863559247,-2.059221299087236,2.106765381967869,1.540441839337364,3.149455975480455,8.014916024606782,-10.101099324604691,-0.2614110805659061,-0.6931234032246084,22.463530650257905,4.216916140046162,-0.6938269142254861,7.415926394129965,4.065721025709378,2.4857140611405413,3.0480580918198528,11.474113837299988,6.0317700408033215,1.4848852134023807,-5.151135362470781,-6.278165081232703,-2.105649286749214,-8.414186382498988,5.074183324805235,-3.2167247257832474,-3.1667358433632016,-2.7514927574644417,228.30180982063584,6.53744933914527,18.685437727390312
16,-6.286478702103079,3.7139669029107107,0.25398382438174943,-13.928989219893086,-0.047692693598269,-0.7312119757173219,-4.553197992226072,-2.3458224580686973,-7.589817180368599,1.1076731136636937,-6.635667923501709,-2.5998210631381755,-1.035512471577003,-4.392264793068751,-6.244794410714929,-0.7582358532715701,-7.4719601884478815,1.1280026265357717,-2.946414449758115,0.6425014456056035,-5.325886376732938,5.978499656800296,7.395759947382402,0.5099138910224104,1.223529403909357,-9.246347714960978,3.965450678888552,2.846657842940741,-7.796010583456586,-2.788427666155378,2.8352256282861896,-5.687976207267651,4.037127790068547,-0.781494530700619,-7.514130714702026,-3.6964152791130775,-4.1572633044655465,1.834990220973887,-8.241299147920914,-19.75325627884882,-5.604794021830399,-3.7421485111252206,203.94315490657237,-200.8199652523516,-2.896988142984877,3.869498286410488,-2.7000190391140815,-0.5256938435362835,-11.635629664636154,-0.7844921125399065,-7.7246161663516375,-7.469641309985679,-5.009822093832558,-6.593274508468846,-14.540635033829934,-2.358535535202865,-9.286599367448805,-7.323250076397455,0.4308595969132297,-7.448797923535533,-0.7888578500120855,-4.8600189847305595
17,6.05308182652957,6.45394809128547,13.459286330742763,6.77099347870155,-22.600641250618413,-202.1056786351743,-12.501676360030238,212.88663632399337,7.357379757595098,5.596195848352625,-3.549656978160049,3.0060971301932895,7.534339326353236,5.283838869994955,0.4347336529405578,5.748992684433678,6.235673704830427,7.502104692476016,5.1291057335020955,7.644795765917234,6.761155418379435,15.099267482401476,5.9190709116907065,0.2939361824688321,2.244391131470444,-3.1947007944915624,6.8428108168074715,3.17724205302152,1.6773019008178454,0.27697245929173153,-0.9538307021174486,3.0829391885275066,-3.9224453584452705,2.374441299052163,5.138820196244623,5.202626143305856,2.2933929389416976,4.493304744867672,2.005524036788462,1.06223276641369,9.405706528347551,4.2128080097307015,-1.0930329932216483,1.133048064010778,2.092707071788052,5.319646097378237,20.283723154032955,22.782132144209857,29.46352952040012,20.84122661551322,6.239478870840628,6.134630007676699,2.4265932984539913,4.626039252498883,5.719471064951566,1.5517263950064906,7.073291675130433,7.229206592610501,5.386507424315202,8.971158234192503,6.032486748839827,5.2612856446884155
18,5.841760896489239,7.765950338230956,6.096559207532378,5.624937996625502,7.890995436937324,-3.6063201076437306,4.451649181214601,0.29746834429278934,5.549922379163037,-1.2777568093361686,1.9853367900018803,0.3906342085151335,7.497267494887819,0.8954719740573871,7.911305503746641,8.381055911774569,-4.991885529696374,-6.711559044421894,0.9976651302358427,6.194734540080871,4.4067859205799085,9.72087719803153,-226.78245921468326,16.43865003055009,170.1592792185632,13.72943922931945,-0.11725058022361891,-2.254877639358465,-2.9862921242523854,2.81588754724492,1.0740268631660892,5.19396934771894,3.494231316633146,6.950136155854682,1.2574105462409235,-0.656215992205647,2.091125128240422,9.928748552966557,-0.14677843199788151,-1.5619339622452475,-2.0343254029490074,9.652015606238766,0.9725702567730351,-0.7412591601686906,10.0297913121625,33.23716196165508,10.057658061407102,11.352707747057904,6.4214582152903334,11.788656100116157,-0.9442438055222869,-0.3315088038734523,4.372688039904204,-6.585508459932438,-4.611137077276564,3.3525545844942757,8.510629955094796,7.008029440694242,-1.1030196867067399,5.142586602928247,-4.318088035597941,-0.8703168240727841
19,145.26373485353923,63.9948531856894,108.6390220251213,56.763469662103226,121.69896615854468,119.83199499058499,124.64115047716982,90.32615742778975,159.7341981284648,135.40449617384814,130.40364658094674,148.38836849041093,73.06770809022188,22.7154099457229,48.51248021798591,13.059351223001409,152.60558365042078,124.48750849776174,141.86991625831922,148.50019866790163,156.9087589839133,66.31895356109335,137.89620045246025,170.13373103595663,158.35127985616265,173.51757574001087,165.67909845333526,167.598829123416,155.89515750007223,150.49348317672042,152.42351713045124,117.4064686195652,154.4399126875415,95.68411884938975,103.79038125285953,68.25373809360478,69.88506089582836,43.5507447759585,125.72193474704572,132.8182359953675,160.9493295702449,123.57254376470011,150.73436144527284,145.38232564355633,120.99398041499185,128.0754073638669,82.43270288686443,77.99724296185626,71.74953645144575,75.82977509768727,145.2793643010909,103.26848730736842,55.581230149057546,21.917582478773173,63.4700836035913,20.130337506340496,-4.181535931341171,142.80165541193801,149.36665444218323,47.92914804054972,134.13638128370812,118.71217378430747
20,-1.7601514290641354,10.34279641535603,-3.9677272170376248,6.7553566723256955,2.1610028538021417,2.9053523451345415,5.005481039856426,-5.293930403833928,4.095698964551577,3.351089277434057,-5.45965342215745,3.7360605464130057,10.969567386546343,-17.7967069242915,15.916957009562532,6.656772463711747,3.213622528352595,9.891417201203092,-6.566073639552559,1.2720115336868232,1.4806108984062307,-18.24257199876352,1.3871253269579125,-7.0914041453805465,1.2785372479665633,-1.9995187977551057,4.108236529804667,6.028283419291493,5.859991242014987,6.104799233689747,0.19091012370671073,2.9683193334932914,-2.1609609447957734,-3.0268746269723423,-1.1893990958736065,6.595005374504568,15.667924771713853,24.7005298641071,-0.9869677750044447,4.898258349348425,6.6199315056466554,17.2985303531523,5.813895820507155,4.296532584376793,0.9443481590433711,-2.908667439044894,-2.2323224594359177,-3.1843731394299892,1.4096024354218928,3.385667384240096,12.391167164359068,197.3668357246608,-198.9428251545958,19.67143960745605,-6.018497696373182,19.36760629893905,8.843035264302799,0.24197022219195252,1.071920831283759,-15.137103841325454,9.09220171628917,8.918234734842432
21,2.584993259914496,-10.527552092263955,-5.858602066873999,-11.301506977100175,-17.52495119713059,-18.24069265636565,-25.724723905086943,-24.71586923798157,-28.61532358153097,-23.44893520217539,-34.57236595558647,-20.521849062039667,-5.469595115089153,-11.098406205303073,-13.959787204874548,-14.432868466124347,-7.456410641238628,-21.924798580790267,-15.278117707259087,-10.6598513362016,-12.341632200806938,-18.207331295301422,-18.76944709957548,-5.8468993596191,-13.554832933683544,-21.555408732078433,-11.64439030566266,-10.250899067726813,-23.583200250439106,-29.41335743243442,-25.97331055385075,-16.96260922391498,-35.770291423068706,-208.60671147054364,205.79336523288666,-16.540644319588296,-20.08233170114984,-22.39013046971987,-15.396838974703794,-13.601522336912474,-6.205452341059216,-12.138868916247825,-10.796231184262135,-11.77837432057326,-7.977990950915455,-19.881838825753093,-11.604881636692307,-17.604831420377128,-26.58526079993048,-21.93897981150698,-32.1929930489271,-11.160393126704408,-13.585790407339848,-10.783726550695157,-16.586695602745312,-29.236322068963087,-10.982553211040372,-10.20750118966996,-24.64101788853205,-20.08717300367294,-16.34412731223129,-23.954335835596257
22,7.654374479232744,22.252396174954416,7.165658810206663,30.222094266021923,18.770387763955497,25.048739592840388,35.12396885539434,31.800824369005856,12.789686622334694,2.0893094963710896,13.810856997539549,9.95356809521829,18.464564141673403,16.548574884465786,3.693966295011632,11.21455694150809,0.8855916000571779,12.859781023616927,3.7279811535949494,3.881244196458993,-0.30060173757697206,13.776970798655134,8.985401361880282,6.169721809272627,6.159841332690377,12.499154133377953,9.924316773022515,9.48404993212214,7.065630512077593,3.655541134019153,6.656066424166494,2.821280565876811,13.815732124155463,15.681944053540143,19.158662600909526,3.0570313973437364,15.162550059680573,11.676209480438352,7.747318852296194,1.8877471780894917,2.739855116605621,5.727791000774561,3.335138873244276,6.318587527420258,13.140034947060057,14.38736434530947,28.997944691040484,139.26668455849395,-256.8624075800378,127.49009907551364,13.436133289205097,13.81663790458872,14.95159939218032,11.354207608944078,2.653650592466122,12.907031350277652,14.956616205472294,4.313710368438689,8.463656186863888,15.865356596172454,1.1139662300122124,10.857460907436558
23,-114.05058044803096,-80.3348581876249,-85.98586266971473,-62.598687129465205,-76.6325557424616,-65.60296725397313,-61.11330513833727,-74.01747721826058,-85.08739707768356,-75.64968332420847,-60.72080688255282,-65.95359209457395,-80.08378474666213,-9.639261407261335,13.90793700723812,-18.221540966457873,53.39132333717567,80.82024135988635,78.57401624538768,70.10212589481013,60.89347497024333,43.40925583603179,-104.08808763371707,-85.44394905450919,-97.20532436373807,-25.165208931815172,18.51519755031811,9.554658310388184,-70.9672919131822,-66.63250690277928,-81.99767382075458,-51.74711611626955,-62.20661141123005,-53.22839263549763,-51.538790036613136,38.38914485417025,30.473673904671635,17.728091537691483,46.223299466291785,64.61020446878442,60.32282547335996,65.63698831247648,55.863544579568035,63.80292643231718,-118.784431535845,-112.78553691515617,-67.58363669273714,-71.38512534007681,-82.93764114166397,-72.46422009827332,-50.253638190707264,7.107197972018238,6.062199934218554,23.113780549091256,20.89998319853825,-13.613066877498317,-20.35700957551198,50.48979203290213,80.10649179542938,55.8792947720814,72.3354111649012,79.6228734338597
24,21.106974145962216,152.5213870868788,54.38473434102407,322.2249331751253,124.10049717259443,98.05773309298147,119.28742218368481,132.59193995098872,64.82504177894135,86.60721839958144,95.36471877520506,64.42289751286586,202.965252174105,210.64369837305696,52.5086891272784,163.53413356591483,41.96247928606856,98.18608043680577,81.2016361996875,58.06212767282099,30.72232077925208,124.00447850241451,37.00003672691992,31.255742549506508,36.55771369084537,54.20126754104127,36.715841290348614,25.589008472746066,70.14514110021747,63.66387643487639,63.77439177739032,97.66629178933333,77.98723263921302,114.36204173309903,123.47019578645973,46.678059874218235,89.33015614209357,125.59673354962244,44.98747997867412,52.7918719943956,37.92251638913818,78.11369222670565,52.07772276086989,41.393526357432165,105.77813511339069,73.4399502163302,169.3682896479032,129.6071129005059,208.92424945492385,147.3601071994136,114.18520627139557,118.59471538239308,184.80619022893814,103.0821175001145,77.01942268358884,119.07272106555008,140.23061228776376,41.94222998087584,71.70551432346879,146.06681774357438,70.34055329691411,130.99879955096765
25,-11.462987678054716,21.48267510250818,-15.788949364345923,11.154911447208585,16.314594905402235,18.91392104315846,7.7239378778725865,15.897371989768128,11.30979715392857,9.277703324474516,12.998643740531445,-13.952777488340688,16.47127543591785,16.165212533018405,88.7905322261525,17.198553525352,-1.7433190952815296,-3.7441478245911957,-2.516894373063795,-0.32988533856968333,4.056547997650781,15.48376818891886,-10.469481757914801,-13.613512871519452,-19.131312839293862,-14.394924625414152,-14.76098785107089,-7.924879610821883,-3.494666519240406,4.592877368758813,10.17066503867997,0.21946536699378388,22.22661789531058,7.12583476746385,21.923319694184507,143.4074294376658,-157.682414970929,51.52460041548872,-10.954357723190954,2.3860216003551047,-3.0493881200273103,-0.44081393689798914,-7.008587339061086,-8.17064819231121,-4.652140304013919,-0.2761867481972536,-9.967842062488659,10.583516835546856,4.311332960070748,12.125381172584335,12.635098379701157,8.09052103737421,-1.402575861592925,-129.40913371493397,10.116912618548284,11.46784029141252,18.702363858315294,2.7465608256670233,-1.9333733862333597,12.704875656062319,2.8339797998228637,-5.824840917970622
26,-22.305336623923964,-11.500845761917505,-18.217553467615485,-32.88897194889891,-15.602666655168486,-8.65198645405547,-10.95238337009436,-2.416166044852641,-5.2336893644051,-6.418690633298415,1.4018902071821,-5.782864422481435,-8.832925904461643,-12.384434170533247,-48.27793206539188,170.39685302449544,-26.121472197487762,-9.855885243321733,-9.178155334238372,-11.33231541755233,-24.567448347635523,-4.310213318383637,-18.15355390807295,-15.288875017267793,-19.629592273869555,-18.114179370519892,-12.743410590013514,-15.60521275225729,-10.454836330364587,-8.306265453732959,-11.744617503761235,2.3864289227276227,-3.5931118747061546,-11.18403004673171,-14.634481205952445,-17.8985183964278,-48.16947218161021,-47.989262123629544,-29.47964200077488,-17.015810095372082,-18.13441418733665,-12.458395534573844,-21.660674319911983,-18.717825655565754,-18.792094015663437,-16.857919084073462,-4.40874186926891,0.03299013009637772,-9.205535874851705,0.495012387928338,-24.358229932737,-5.051183497598754,-6.9565886993078,-51.56343817206709,25.896258141584227,-70.67731520605032,-160.0236734732933,-23.883502604595733,-14.829305815303844,3.0331827174233923,-20.689952479466996,-5.447650579672145
27,3.946096177070723,21.908895546351417,9.824622703010398,26.094409597362755,25.013573979600633,118.64664211488375,-238.47544375858448,99.64594437231271,19.726204580399312,14.704010851134337,19.78133602828732,10.625219200064668,28.279290831123667,3.173861900199128,7.6929296070699955,10.9427978746971,1.7680448734844638,13.772185425394657,12.058826896717747,13.558031533978568,10.353307092772349,18.427279269600074,6.543451209370573,5.288112520203988,10.279861839533948,10.068111028875107,15.150626034659519,10.288552112656527,14.68405785437582,17.165232946213635,20.632417208196657,5.237506574623242,14.494791435530251,30.025424364037125,17.32889206848884,10.124789082455003,13.949133897927604,9.792615309264828,7.812634093747315,5.784026881754378,7.319368508227374,15.912741234766095,6.382129653387027,5.150885750013425,15.532540641751924,16.988324753766854,36.177864471289766,35.71555354095024,33.4976198779482,42.6799140244485,17.3207882507491,12.41169389300321,15.744542894582771,14.136278186915003,-12.508589633374257,-2.6139675603057166,13.622002591132606,6.726146445391906,10.611814898249186,15.68675679698566,15.268785603118324,13.076053617208654
28,22.66490046454699,15.594903817678611,18.803969181203982,33.3063901639237,33.85691713439896,14.057238898298035,22.67152826145401,13.673643377948036,8.87554862231134,10.717132671555367,10.156643006286977,15.094484783912256,27.185159586624984,-2.0478986410097666,24.02072875638795,28.641530989366384,6.143821634060115,18.778698079186093,18.94327650027856,21.11558781286663,11.660653599011312,14.33032833709012,22.76065468671385,32.464907593272386,28.932163419062253,-248.5093183461704,83.1810879712773,76.76963532518802,-0.43191315015575826,5.310863555182166,12.380357290539534,4.0892760597004125,5.173127796009556,29.26754602472429,14.995692311050405,9.673360621921091,38.10385066948185,8.275070950196792,-16.911106295981178,12.492357531241462,16.394549950795597,43.12109202905725,10.64279922356721,19.468189852030378,36.871146926853456,33.95365389310607,22.00643424594408,15.831260408350332,22.72687201007644,16.206234034339726,17.56586465040684,1.4630556028035946,11.238797522432112,6.966677889660729,5.892544391090353,15.67253330056907,29.00146923677374,7.247275775541093,22.048534159496416,9.770833609302251,4.047826779293068,25.208107286101022
29,34.40065105501501,-11.744804490198383,46.198239414548354,-20.37224433528074,111.14941571400874,109.07121352704797,105.04402880922363,110.07923503664456,34.919749478553584,50.05742169589689,-12.309124566617145,89.11098174281659,-7.385728129246487,10.895853176845867,0.5820418479445024,0.512084310369162,22.837796972315864,98.29655670508038,75.46764703470016,44.958688592913106,15.247753620624486,116.58022857032618,-23.802892921012955,-28.088413978569307,-22.23786356357456,-25.310299605657274,-41.73612857284399,-44.871097608773965,-48.576618948860826,-53.76163677327151,-47.485131713208624,-29.438906699233442,-55.28997445314187,-38.74036337289841,-12.965166491989292,-26.44583693930885,-43.693259047124045,-25.878422897581853,-25.748470081860265,-37.560008525304546,-41.71498286263535,-65.43612778471808,-36.13351481197467,-37.03758961431852,70.72639720736795,40.578309135491125,103.8374056733984,94.36063351384283,100.28373672580757,103.79705756158872,16.792047001146056,19.365767988843437,44.40744381358395,12.73230924947322,-19.18903805283511,-18.16983752981936,-6.1967345721867435,14.677814895363795,40.619214013303086,119.60188634686085,73.39269157641955,79.64217607289314
30,-4.148586815035999,0.8762803653199465,213.15277517808556,9.388246060809866,-3.6413416554584987,3.154174743276636,3.4551648317977577,-2.0662687806705975,5.88242443672139,6.819398394569376,9.23746938787387,4.115007778870409,2.4734793822247765,-2.0205018829101506,-0.23253470205525828,8.192772832209627,0.8986155907735437,0.1357742050324734,7.3671446162993925,7.002550665974667,3.3405037983935704,-0.4153050960888713,-6.453715246191445,2.713194270661167,-1.4920072694149311,-5.118306752770989,1.191166055947504,1.3558963258006302,0.19762055622520475,-3.2094491332276025,3.7585465368153623,2.8868696054242196,2.2880092573080866,1.313573485728181,-2.6411768984501007,4.908905097311789,-2.7373499396088445,-6.075115244082268,-3.4751602878999024,1.5620492561310768,2.7504724786850128,7.910579435920154,5.912309390665833,1.1410324159384202,-2.1239820952562587,-203.78195146982614,-2.972436557760385,-5.945014020438456,-6.6831522920755635,1.067388291185524,-2.177701322711405,11.81837541756906,7.956807667462096,-9.626287579948261,5.845260723184987,8.253865987170842,11.210686126145,-1.4291210154258132,6.638167295114799,7.100932974593098,0.30235117748009943,3.2324961579140212
31,6.1851193886242015,21.508159552346584,6.9843363351880505,34.21623011322329,26.858482973750657,29.921629686050277,33.05897272726549,32.29567694775506,10.680919042666822,7.065097266401336,14.061950951298375,17.615404782833025,27.395867182438305,15.648520093907694,23.39877866016509,33.869764452266864,30.38235171596854,59.281159469788115,77.66031061373205,44.39905567009665,20.63315747822579,55.27138634707192,9.299050914394202,11.833014768152264,15.184713792175154,16.50421250609619,12.264466582282923,14.15705661239273,6.583304663695853,5.232147566173063,4.369137811067496,17.417420358740465,0.22608085629490193,26.24665830302651,17.00640648141465,11.466146038406656,40.58882389677177,12.152616221280347,26.652753855457963,21.007530917806072,16.914275294137553,43.015910159635524,13.956733006943573,19.920175199040244,8.900053619952354,5.5270604355036435,30.430760286785798,19.011740084483243,27.145298647309982,20.122939948821273,18.722227397850776,21.66328035956722,10.063621849566482,21.14774581257946,15.793392255687746,19.75468857900746,18.399461039875664,14.169901893831765,48.3981674598764,68.34808126904267,47.68934873621171,-260.1929959443453
32,3.8781559318049115,13.042964742974926,-2.0423182958482213,-16.9979034854112,-3.404739254281127,-4.839237451040618,0.16567035660556617,-8.54368006302278,-0.495959799967716,2.406336938071645,6.113974784620963,6.400048203445307,5.951392188922169,-12.052205482234179,-40.60807584731825,8.740929219724011,9.267641707871894,-2.8394008563489654,10.141573199870072,12.45329781759682,4.5448299449645715,-11.1040947038158,-4.264784754071827,1.4319708888981826,-0.6051544097016157,-15.944380376008397,5.111003886749934,5.521860352991547,9.926038595089986,10.16306426054789,1.7617255094800097,10.738295611470331,9.095987557982808,13.521460466197116,15.301017179647195,5.75307030900938,-185.92335331249586,-45.96606314130789,17.09768450520408,3.1608513072286204,-1.236751265329203,12.789666686009227,-6.641813511269546,-6.907857364257884,-19.9084929816721,-2.764598253878874,-1.3239663699548652,8.716651071693136,0.8921094245596961,8.74729824450849,-6.0948274599078935,5.360107075423743,5.77446096592476,186.06709882050035,-11.864185421128038,1.8656661905075904,7.7907762362746125,8.898542961592476,-2.146858171946204,-6.453264941870988,-2.969074295465209,-13.128597623473167
33,-10.11157253853568,-202.10752701055887,2.789574425392116,-9.174466672432771,-2.7507485713065383,0.030255570919979054,0.6170741781059061,2.2228112840771295,3.008397695288113,-9.884613515725574,-3.7536666980511653,4.925049183046626,234.13023695865758,-3.270180128915315,-6.863327020834913,-21.153890520614663,-1.386254115844563,-8.758725709558135,-6.403799707121299,-2.513762807015816,-3.0551290964900293,-6.055320634208874,-10.641015377071295,-6.207790432973053,-11.267898991226064,-3.923914472324171,-1.6243126842702225,-0.9124562310851256,1.7522353506266872,-3.816022082388881,-1.5730293718129642,-1.3703009836657096,4.761898802691296,-6.2908829309000325,-14.206760161865738,-2.965388195545996,-12.480159373637209,-3.543198256398991,-0.3391491346643089,-0.9830735089076578,-0.30918190006096113,-7.41390849557413,0.016733007434343184,-1.572938931467073,-9.108312872911513,-4.5416303547980155,18.9097152678023,11.264897117064192,-3.3720114548093307,9.025211852588424,-2.749677703872865,2.3952264608160916,1.3469555863507794,-2.9822256739432866,-5.538840336061224,-2.775295046955579,-18.023334230099145,-0.4896417234056939,-3.496740825721352,-4.298629368308912,-7.773771886270811,-7.266428486100573
34,-4.7123873094239,-1.5534236892571796,-6.907340497059089,1.3978196592522285,2.9319058056258256,7.517320961368748,8.03659855952451,7.321899244002364,-0.2854328878852966,8.534706753298474,-0.6312853825832391,0.4940891048609611,0.6339414641384882,5.376693145433386,-8.938491081178968,3.7123484288591286,2.2590159336310487,-1.9463803639486306,-1.6925009867759586,-4.117029086499563,-5.272078913318278,0.1695136228999313,-0.984808272003976,-0.3814417162574769,-5.815288124483945,0.7761706029350607,8.625671350485506,2.6262315326699905,-231.27016287256316,197.29174582358095,10.021985039279244,-1.9383947380505868,31.51091855654184,6.665145974804227,7.425121266569616,-2.773515222722278,0.05532516194452509,-1.3901731703656979,-7.205546550371654,-5.706288958057143,-7.2607038825410966,2.248797829369964,0.008025989444913582,-7.129669335208981,-4.720252989383687,-0.24150362139638626,-0.3761138826015846,5.9367737184650125,4.7911918841087,5.22771884654204,2.122685158646441,2.671823041982678,3.7523008584096815,-5.923464815343737,-7.196945826251143,0.26775842450485304,5.999353785242161,-0.8287145569192825,0.8539290081383183,3.2353232990951115,-2.1882811144029226,-1.268277427701572
35,-2.756480763674843,0.44807865892207377,-9.420107444795038,-1.2253483814199637,-7.40442937730656,-6.802130183333062,-3.086524712272582,-2.617021378744418,5.264479912906591,-7.741754938839473,-2.7948488875188713,0.19392303073506484,0.4254867041474014,-0.03491942740439986,-0.14225654942226917,-0.929074396703825,-28.624842468780656,-8.53484456617258,-13.004318156630598,-9.066856012956853,213.0989206905932,-2.0726476764238337,-5.030051005688415,-2.386648384971165,-3.0157483463516206,-0.21989146601110066,-10.428163366332946,-9.798812586586983,-6.853240109872783,-4.881368968086622,0.4872123928093411,-12.807034554767261,-5.280200804284223,-4.632157745765439,-4.747795940947063,-3.7407609592993722,-8.409622141017657,-2.053346100921968,-9.908044685268175,-13.26869401427033,-13.177743445274077,-3.3282512211892668,-15.417640740175521,-12.057571421574583,-3.182381268678562,-3.470559060417501,0.7725024178960942,1.1762270133548673,0.6844882281823417,1.93845356739013,-8.322094800013128,-4.51246060368212,-2.000645196836884,-9.127406055676873,-22.617337963090026,2.3305213616660927,-6.741185850382781,-182.50208031546936,-3.2760256853503966,-5.695820292027126,-1.158387204587431,-1.8014195613805544
36,-2.231707541809166,-3.939060937025938,2.3846278460633505,-15.174814683143088,-9.592528274803534,1.6563183391900527,-2.870308752936923,1.6200246280898267,-0.1870375622940673,11.786289530094479,5.2874302866509515,0.6262682912041424,-9.385292284776185,1.859852695862536,-15.057718289061974,-1.8632282562081173,-7.41278737466983,3.2814402014536226,-9.94364872129029,-17.483149738975733,-10.012543446636608,-8.889926480216257,0.5696171059797777,9.347589265938431,4.1501023119734235,-2.4982002998960096,-5.4451959463061295,-6.326942210304474,-6.1899871126536254,-1.1274334626449556,3.159611185208832,-6.398345442173354,5.223857297710518,-13.757823192345064,-8.987874970883801,-10.482973966373844,-26.701348113496,-12.591091033874662,-193.62710939127152,228.92666075515177,-1.7849409444989317,-24.660241526200917,-5.795322952981981,-5.681579425796341,-8.046398610225607,-3.6829294934839467,-12.118084495566324,-5.892283238264607,-12.351725843209778,-1.7024086768566258,2.569659211717921,-3.948122499909328,-5.6097300402493895,-3.620339058217279,-10.180979976413827,-18.904587641740157,0.9959689216804346,-8.789381092072217,1.286418708284338,-11.129931370871864,-0.6592284579464252,-12.55544524771587
37,10.145445522845058,30.299722659772087,28.392084730735284,41.642488951868714,19.802894895587137,38.62645150148445,36.266877504319325,48.49376309726472,14.212725495389234,16.883324546647167,13.733660919054717,16.689170585526117,57.63430254688455,3.016390100377632,22.713951814719465,41.78532864088796,19.604912763961757,29.63046193258172,29.092364678974718,26.314319285825004,17.794500235684236,36.152175365075806,20.41567896729015,10.497191180573791,19.959032583834865,19.041471658569062,6.355523211475312,3.7753036671303355,17.467845892348084,5.270188706338371,8.27331768486446,11.196361808617755,6.801410460527307,23.04145640017908,23.020365854462803,5.933053232208891,34.96911194602467,12.878869716339997,30.598739654004465,14.475156016849736,16.15410423620794,27.162819502518495,15.848780719797885,22.286205545310594,26.139898800777374,33.84518710598036,-259.9036480770524,78.15999580275135,84.46057166044257,83.89695949191659,22.823900108031918,3.3169646369133274,8.148364166722743,28.94014792977757,10.906487374669474,23.464269544789857,40.37004055478407,14.109436368036585,19.443556877924646,39.41497862317885,15.996599257059014,29.492519905917096
38,7.311037380250967,-8.648645093867879,3.6025259093979694,16.520621507837987,-53.33823944684245,-96.65825682134192,-57.883247409221525,-147.07437171990253,-9.573420466192825,-0.8109315611161056,-0.06306426390449009,-18.950354566729196,-10.955507498523906,2.651395522718589,0.7083853859944065,-2.61812146080063,8.406654368812404,-0.46597790640154496,-10.402538575191125,-5.571808317524758,10.014813908219471,7.327471244845643,17.79634263564586,12.525351369751418,9.63984497575594,6.365185270527379,-1.9386634508069656,-0.0965774497600807,-7.486918441801237,-7.763485893346693,-3.3236217743788643,5.4019596070255345,-8.397685269891145,5.709297758551575,5.473792765699995,7.531522216201895,3.345065143611194,1.3036955509998975,3.6446082181735546,8.900127440329095,5.1620914649314384,3.3360121527425055,6.404926167395284,2.5784204519755414,-2.6167545059440234,1.595001378730694,51.62181450885954,152.05809116015567,141.24892518823452,155.3834943318015,6.009965353744938,2.6005322599614558,8.15953225559112,-5.49688317384871,7.842017239648163,-1.276235929100383,6.766820201004513,14.079322594837597,5.906944327672981,19.182997893293308,7.53018358350666,-5.4672597966556244
39,3.4442131473788526,-0.3853702701016891,-1.8908976471473753,-5.6129417793090735,-4.0304931379447115,-1.9789361618052599,0.99263013205807,1.052065852268952,-3.755515085009029,-1.6822975622237624,-11.582406467805189,4.495666558169523,-2.448878972466947,-4.698967735729246,-14.540123241422382,-8.581020735936972,3.076707089961575,-75.01906097227229,-4.941241409042534,-9.482835144874002,-6.54520595601128,22.768186523607504,-2.78110089642811,-11.719200152041783,-3.138834987080463,-8.36527534597397,-8.687134388928058,-7.543901524636402,-0.4872649972252274,-8.942519614144977,-1.7875790835167975,-3.001908914499521,-12.11838365051127,-13.510242517136879,-1.702000036783824,-6.025818140167721,-16.14094939936401,-7.4908621991775535,-8.18565290683051,-2.4885810123791225,-2.047764466180138,-28.486279196485874,-11.145751847904027,-12.210092573880129,-0.33627086735810385,-2.598552699532241,9.772074627338602,5.887395506009261,2.728740071341357,8.5050587581198,-2.625994529655131,-1.408721368082272,-14.39184881913702,-1.0649222209046123,7.635305957948833,-1.3355335480057438,-2.960248638640801,-1.7241963371264333,209.12033232927965,25.17575945998191,-172.0630649780102,-2.501879761742356
40,-20.658150558960756,216.66243450822768,-3.737452192208628,-64.45308747079623,-16.329734821491673,5.787810325471446,8.169554163240031,5.075695861439902,-36.5214467946664,-41.569626127571674,-50.57984954884674,-12.984381543574385,192.7556123267158,-30.664848570297572,-15.1791431073604,-66.13747907546386,2.8463306645650848,-4.4872277202112345,-9.608924424479525,-6.265263565979878,0.35523418303536153,-1.2759357659181256,-20.15882739438774,-25.039864365823647,-30.270764986671733,-13.167151406315527,-3.606845570891955,-1.0291387032500285,-34.480274955616174,-35.60873653343521,-40.04936828572911,-33.998115585583164,-33.288923420739145,-57.19530314922038,-52.8439390268244,-27.787097548538974,-31.63403147119111,-23.789638585493215,6.191512522335346,3.400992041069011,4.135465831118424,-15.90406828802289,-11.56826718116097,-0.5179750158157845,35.954050409245056,-25.181466524542728,52.409729744145274,39.992628554376346,35.347218691723334,38.98355631372263,-44.70184037861417,-53.16903460695374,-10.026436920279728,-28.491452903317306,-4.660532707430804,-32.45098128921472,-70.74055694791323,2.2686361095198686,-6.558797070535846,-17.26827328703101,-1.295994334060724,-6.719617920096296
41,-12.553485023614046,-12.932669963242367,-0.9338136159162519,-17.339756773743705,-8.723024675175012,-6.5087357664077174,-13.558904589535308,-7.622329641561475,-8.738505430890802,2.259501532492768,-183.6037759261804,-10.216476954576875,-11.802312738814528,-19.37949139219799,-10.831743459508504,-18.7186863407133,-11.911938634587072,-3.971504858292065,-3.4537308047216957,-8.811946971080397,-4.795066739081349,-2.826957921874387,18.31686271321351,0.14918893877524472,1.6347837338798932,-10.14214627839413,-14.832240843121193,-8.203156343875014,-7.4691141470696065,-13.775633152822289,-13.351982583312077,252.87818921206542,-25.317917102812526,-9.480045985006209,-10.824465372593043,4.948920980869937,-5.928287342394303,-12.964045348676082,-4.08214807053619,-1.1489017105122277,-0.5934393073074203,9.95530065212619,-3.9558403508237303,-7.390313922295241,-11.783815349385614,-7.817410838418057,-14.71369130709256,-11.65558431723708,-21.999201428840745,-17.327136902487254,-17.86336103073961,-13.19132099366929,-11.600925211595772,-19.68899057140374,-2.740584398358145,-13.933768135988823,-7.8099216000648655,-12.587747514089747,-1.7849772102114687,-7.49203798393329,1.2749157006801282,0.21907761010619528
42,1.1557220665246246,-0.6028086671373378,-0.9667691828650352,-6.738763077692865,7.2224468400281365,-3.3773858736552236,-2.8702563767817213,-1.6472699366875774,-199.22587438802674,236.12793284578305,-24.907071341855605,-20.80321250465253,6.552290885646243,-4.975328542635645,-5.209208628922991,1.456351337077155,-6.036574549864673,-0.44049541772162365,-1.757875802438131,-3.6573498303751824,0.2860921406184985,-10.122598180034856,0.8971518245256187,2.595447333421858,-3.663251373618609,-4.232418800864484,-0.6429827202512778,-1.2349008496664278,2.839613382702722,0.3881900694889072,-0.7510841533308503,-16.868545896819647,-7.031466655453802,0.6522015683602718,-2.8286178791068965,-2.3563548654729316,-3.040067632698915,1.19661601477841,-4.662393580284881,-4.697011047794669,1.8150210288939814,-2.4273123407851718,0.024251803519174473,3.661925451469995,-3.5223140423619657,-3.5964867120521484,2.1018211079995783,2.9711888990613,-9.119120368410595,-12.02576276733728,-17.507204200618368,-3.5487723692332773,-2.537119095494177,2.3278547483041123,0.6780948843665381,-11.657721144995282,0.17924577994065588,-7.865888471524783,-2.96955050820722,-4.751641300840362,3.618336872515428,-9.007473440799897
43,4.69576164455695,1.3452923214178973,16.061648223777112,21.413674738885906,15.854017768597652,12.982889603269335,14.852853274723895,17.49476521353776,-176.3776480384065,-137.9607913727456,46.611493890610156,177.2884694149243,1.476656159524491,3.850805980858669,18.468186669710327,13.16411594701491,1.3719908715249782,14.75926425694135,1.3923303984325912,-3.4496015872299317,-7.948674803139145,17.825876505433577,5.644322689060977,-0.1352682419107353,7.399218940401345,4.627137446315203,-1.2965171471298036,-2.897786374813769,15.969538477661748,25.960238868686893,29.35420029315179,35.99114889838435,35.197223764247106,-0.4240144743525972,-4.480779653566927,27.870650213919987,28.450641306618387,9.923548844671169,12.806959716542806,3.4265596619089735,-0.15579031340594351,11.852908839165693,-0.9156710930161382,-1.9281016380690545,2.7189210076775026,13.584608645288863,16.825740422708687,17.064749482057863,18.49347358155867,17.00242606669385,23.633826023844936,20.340302103547344,10.662310988419065,22.01410425755957,12.218550660160474,6.421358631503511,14.7759335643675,-4.3069117347060555,2.6487363867543015,21.37122248046603,9.22304376270107,14.477051360532538
44,-20.682909814786235,-15.465342853534526,7.960138844830669,-31.208218340752083,15.617485616969809,7.419393749065374,15.281686907092258,3.155357919935683,1.0885463071516392,-35.73964680746013,-9.381567506308334,-6.732633082457902,-24.243652806896215,-33.34308874903934,-29.97526675406222,-42.466585456693345,-77.14639205677585,-18.11310200041052,35.06335664097042,68.31479295904964,-61.194973005464284,55.176940300507574,64.03761407610519,27.513468192777953,36.42816170282056,40.99029590345134,-48.69890968525932,-58.97111630105989,-28.06742833949837,-5.1735251721488105,18.917810475527173,-60.619864185439994,26.141543284780106,22.83532024403127,-8.32649976354742,4.379086795505486,-25.77601580340188,-23.81864506965193,-86.39660686930164,-19.568006224480648,17.679643114501342,211.77785196222763,20.908987769429192,24.974492056250824,51.804332882899246,48.01317355428415,18.37015878411856,-4.535702512276791,-5.236239611295457,19.156385921212692,-22.6224626040951,-34.772288532066355,-9.611913293530009,-37.04758600466171,-48.03217051608708,-27.523674475651394,-39.716723677167145,-70.73286943466086,16.504271566032656,-15.2044930973667,1.735556679556766,19.428492473837494
45,2.0129684265951133,8.645902512684614,4.057480017335777,35.50844375491245,29.698211238062775,21.14404070388853,20.262671666843048,16.23388677522589,58.99282034991089,-41.84038722362602,-210.22481067186368,39.6610058256263,13.803648643597281,23.687189652096933,19.599821319506727,28.270264832641534,5.7199557934686505,20.94641890197308,10.406573048559075,8.575318460594445,2.3794405384166164,14.407593974367568,-10.997477963991104,-8.65026547885892,3.4168150799148225,18.60692406256245,26.489212013459802,22.69883253206566,56.25816892140637,68.03231535804711,86.89341911843903,-129.84166341910648,63.33577446176578,48.98128401694505,43.39210690786443,7.973254329442274,23.16247092732507,9.854009005464313,4.725142793740865,4.754573966105964,-0.5811231289062699,3.47218668072734,-1.9262880499281523,0.8852747766955522,11.443898434833683,16.915267754502082,23.25720499698659,19.801038159929117,37.59023033127666,28.445285198206584,32.50058464379304,32.032155517959986,23.965542913040682,31.293564372814917,16.806600761270357,18.416034565628227,18.695502725913695,2.80976761144015,5.730951856152445,17.62875787212666,14.469486028134101,9.643152168957526
46,8.351483218433987,11.44161265695183,3.8316444728981702,15.524752939746632,11.337774041047819,10.368756564787166,5.573227606182723,12.676978443440653,0.6574924046184975,1.2897704416628695,2.5886973567610383,-1.2285891297782687,11.112112495284833,1.457344839430001,4.544573787236699,12.401684110343915,0.5760778673137333,15.421211713245839,17.317034831894144,7.856398158557805,12.925773080586245,-0.8176100885755979,7.6590658677340135,17.500518417104047,8.339038176600328,3.5289707420681045,3.8336866160216343,4.095166346694031,5.2242597334334935,8.316299677303647,6.586650835670178,8.601562744400137,10.578621868692183,13.109888088566631,11.692523104553876,12.236808450521274,7.183510491219016,-7.925970336096166,12.522031563265584,47.55655596464807,-215.49991934240253,5.911323130873287,108.08248591893131,130.13429390614544,7.365098243982658,8.659812904835702,4.368190007446454,5.132822709700751,11.411734009352616,7.435206837315707,9.869591037460383,10.43495550061334,5.365720754312463,6.602049758301886,9.181511223814478,11.29739456995448,10.910646030134597,11.130242006697161,16.71156769622589,3.7877732803408746,11.543231464467587,13.952874691951953
