,AZ-M-48_1,AZ-L-48_1,AZ-M-48_2,AZ-L-48_2,AZ-H-48_1,AZ-L-48_3,AZ-H-48_2,AZ-H-48_3,AZ-M-48_3,CP-L-48_1,CP-H-48_3,CP-M-48_1,CP-M-48_2,CP-L-48_2,CP-L-48_3,CP-H-48_2,CP-M-48_3,CP-H-48_1,DC-M-48_1,DC-H-48_1,DC-M-48_2,DC-H-48_2,DC-L-48_1,DC-L-48_2,DC-L-48_3,DC-H-48_3,DC-M-48_3,NC-1D-48_1,NC-1D-48_2,NC-1D-48_3,NZ-H-48_1,NZ-M-48_3,NZ-H-48_2,NZ-L-48_3,NZ-H-48_3,NZ-M-48_2,NZ-L-48_1,NZ-M-48_1,NZ-L-48_2,PR-L-48_1,PR-L-48_3,PR-M-48_1,PR-M-48_2,PR-H-48_1,PR-L-48_2,PR-M-48_3,PR-H-48_2,PR-H-48_3
0,-2.282612907946909,0.984619915604167,-1.495181767076962,-3.989984872360992,7.377022454356566,8.98232744433943,-3.7038053717134343,3.908386466285792,-0.8221491725890239,-1.8375679675956833,3.0951491409959875,3.6991576381632263,3.1899989686816106,-1.64252890791522,-0.48660683663582804,3.2354959517139164,3.0955616931937637,2.506782710336467,2.695969676221313,2.4775856853076506,1.3261485972239728,2.492405286050822,15.872693329707822,-6.4471163336211506,-3.7312008578906024,2.9092619247158598,7.598523134303272,-5.270212962180288,-107.60032457607547,0.1358928854503429,11.063894333202452,5.309231781647848,13.587510408287013,29.976844197393813,12.713046980869725,0.21779342227195175,19.105623963400166,2.831773105674546,-2.2952476693379533,-5.928863869270161,79.90353525208118,-3.1817048730335102,-5.109859396608281,-2.654531703990414,-6.613788399488045,15.719547181572812,-0.39052093474829036,12.291730878410913
1,3.2770087012100495,2.3169959306233077,0.04433952562944033,-3.1338405266544895,-5.649978974464488,-0.4620608698621423,7.690253939758514,5.201814215291092,7.188953978905804,-0.402100371959532,-1.1720900339279066,-0.2759680776067212,-0.5753556253818104,0.0555329680467911,0.09646369855465872,-1.2997501006781638,-0.6822368155569546,-0.757519689662542,1.2829519000589378,0.2611122008022952,4.908434264255895,-0.8216022786493219,-1.210177935376949,1.1273745460255449,-0.864022363694449,1.249343373803025,-4.892226377741042,-0.5802636403769637,1.9414693682190964,1.641285265348271,-16.27756841276493,2.483201858092501,105.35585620494061,5.6372491612746565,-98.10046219349593,-0.3411848380264885,-4.454719993747514,0.12483744204302188,0.7802420574544179,-1.9036574012187562,3.868714574098709,-0.8451176261619324,-1.3717064797470404,1.9917027515831038,-1.640778250423513,1.9373071966066795,1.1054015631894887,-2.4092563405485223
2,-13.123613518392528,8.008607507889565,-21.54157535936845,1.9958627204935613,-67.36601944448805,40.55012398584308,10.737564077695204,-36.19211276031114,-9.437894442238479,5.093159260404742,0.8135565705161041,5.521625464096487,2.0406827789554813,-11.245668363508377,-18.95540837451906,2.005550813259104,2.484458972766575,6.9440080554625645,-70.30393886933534,-31.629800669799707,-64.37048568918325,-21.062871761170456,36.71373034586024,41.05687016960395,29.63263275335745,-28.37584781779524,-72.1515642731064,40.67949876013492,54.62078745550525,47.94862494506347,-52.92905895271576,49.24932494558778,-65.3665583387507,54.76872012245433,-49.87417732507751,38.711197703915886,38.06048649001755,50.90360817095072,41.3349992221047,42.56118765921246,52.98761847964934,47.218983015751256,43.082326312385604,21.370786210421425,45.11907968177293,50.92865653524112,32.27023821903236,30.44396009528956
3,-6.430618004388257,-2.5041353113468614,0.2556954311068212,0.9540480524749074,9.389564594838967,-0.2951161265226116,1.1176326466222097,5.155349287848679,2.881829123558491,4.934734003172236,5.909377846310233,5.904356442085148,6.458987597894615,5.699174296949326,5.342657288455588,4.6278705270674,4.676930972004333,5.571742617101941,-1.9436975175100368,2.9739271805296976,-1.5079373074785867,3.7387752299381245,3.5876811582697243,-5.529368131885619,-2.622050367055515,3.7199180644433483,5.418010125498022,-4.552204739006578,-1.8758826152704493,-0.6758149430441588,-112.20255782752855,-3.3258184174453507,55.152021991989585,2.663425966451021,73.15719614576663,25.28058000741355,-10.060261788776579,1.6671380858890874,2.018342156618521,2.304475951553719,1.3644832435017884,-1.2733896817086208,-3.4482445990882566,-2.5767545090096076,-1.560501764623609,5.122773170004151,-1.35959352474627,1.6889737016343196
4,-4.072750683581043,1.0469658859729534,-5.018610053108597,-0.6887509151352114,-5.020908950668301,0.9691294517590272,-0.36807123292061705,-6.696995138970194,-0.06640378524472387,31.449378304283005,-4.064858990980025,-2.258206182043158,-5.238204177560541,91.76409522380365,-111.50737214700706,-2.1789867096814657,-3.457650357472593,-2.3229518666885105,-3.314408838345374,-6.0882885586148525,-2.2746396897730867,-5.552583685653686,4.089955684667821,4.308594589113928,1.8558087304631394,-3.5775524157744694,-0.4395717846700068,4.815809896999578,7.168148270167871,3.5371990281878967,1.5194412616238162,3.2574746187209707,1.9640190384100216,7.218167407831625,1.307949926595182,-0.969818058450568,7.36171469976208,2.760916979049538,5.576774761648299,3.1134592778205117,5.278033842110155,2.577280882878548,5.323157833755093,4.319225075055524,5.450942087839827,5.146730012524148,2.023452959816705,1.7579046404338465
5,-20.0225367698914,-21.559383003358928,-19.65704444844357,-19.78529103385904,-21.757858428000347,-19.606725382596693,-18.54647136609467,-18.786823686596872,-19.246541353238705,-22.279801975614077,-1.7096775976999363,-154.25174339677633,5.73347062300604,-20.64933203332308,-20.799056242991902,67.866237839399,59.585796954685485,65.86466609475283,-17.825269647666232,-3.474284015104716,-19.248558597992965,-5.921086967880803,-18.302691335048756,-16.642596926571066,-17.825296650919828,-9.229176623146245,-17.73286094350577,-16.816590935695228,-16.037390478804586,-15.19172535192413,-16.03546888295361,-16.237530958606655,-17.440970379401023,-17.36076152943013,-18.46169950453451,-19.52468575434689,-18.566255276874994,-17.36080972228379,-18.799354087184753,-17.142213566003367,-16.442506277520234,-20.104941848658708,-17.56574557400969,-18.34869395128772,-18.12704585100858,-18.241945669914998,-20.65884668346259,-19.071869532299964
6,-4.7479136439917395,16.112229440291316,8.203414696291249,17.01865591430693,-48.74857450507856,0.32402897845619816,-45.291458651564724,-41.23471772910028,-39.34543880200688,5.803371276285315,-2.7231510452556353,-1.556685997697833,-2.7637715641714666,8.194682487100051,5.3978716265329085,-3.8445213249066947,-3.4039865207113014,-3.7600701600330555,59.43235894089474,5.728487366967069,59.398251189284856,1.8587150081209196,8.411203424680748,5.9885222183335065,0.30192140412288415,5.063756711420107,72.13890735010077,2.742409718942658,6.289927878169585,-2.336197095293405,-63.709653939415084,-0.3806126515449532,-53.96980005399307,2.6873724495217854,-55.82598092982946,-8.693509051372637,-9.079423441978571,-0.4313291505582135,6.019076464286677,4.663672250612035,5.7532267487260995,4.267502701162855,7.1695412305180435,-2.2003935090879234,10.24218411641372,5.4229527651621074,-1.0956496840720478,-11.952667839190687
7,21.758462129137975,19.799356944910794,21.60790829432085,19.50998597607633,21.930887337643,19.45762861090525,23.59413959271449,23.917791488831682,22.301326683107092,16.368080816200816,96.03010726904,-76.76487936155505,97.02304365934344,15.910741183659946,16.439038729183828,-71.49652507507015,-82.10836004346687,-77.17429440049101,19.521949999198814,17.343792519260198,21.236972201568978,13.209407981457346,18.024277633877645,18.614284703777642,19.158523599446657,13.819020960463497,17.61138272390761,20.341429272652775,17.763728891710365,16.498629035259945,16.79460553141611,17.00580665548276,17.69491549642696,17.487252621178747,17.36856991973985,16.613894380557205,19.114612158047095,18.09216239249087,18.34753140544301,17.37225592757392,17.186074987818913,19.492489196076352,18.271823193501337,18.708757836441997,18.987261742797457,17.418854913616254,20.21684872731751,19.85664848489567
8,-2.7954477395458914,5.31809630599078,-13.246552123211044,6.026155460875829,-42.20481180035055,2.742512387378494,-92.38406163797963,-75.83225833825063,102.09722253422257,12.75828530439308,-1.5500233209579548,-2.0977664296560348,-1.7342237304641503,12.187127537272662,5.5622184855538945,-1.9835109067343386,-2.020523797517193,-2.347798515990259,0.688599835792681,-4.216634897777096,5.955135694063149,-5.749765780395201,5.85034767328658,17.71364199893364,3.854545397382689,-5.0818325894120635,-1.1438585812340156,11.622689210867168,13.369891755088528,11.926194298696121,1.8864428246492826,11.803199017986527,0.46063406234650683,11.8386252334838,-4.263061299704128,10.408059078311627,-8.128063095087692,10.255773862524283,12.934913942487173,11.09116534865733,12.016924164389623,7.466990191584809,14.214934961037773,4.216742815354765,10.93173837852896,12.465663718692884,2.362261089153968,-8.545704025762635
9,-0.6940567100032815,2.4249397215150243,-0.5892163661789013,1.3595274491682499,-3.1884891522133727,-5.483356947614601,3.3120399284438937,-7.6353572918853265,3.550149898486199,7.6817000846091235,2.870014031524629,2.9108470879516566,3.484544506233219,5.943349763017194,4.272841465420045,3.039850360962235,3.671555820927054,3.403971038823754,-7.0442260042187375,-5.152887768239494,-9.669056361536292,-4.572445358610764,-123.47942219906142,9.430187577440392,1.088726300749163,-5.493381227319394,-2.0373591863035605,8.788825160941428,38.91356528589205,0.0661829223710669,-9.430638484372434,2.35553382007437,-5.256103656978395,38.527656426049006,-8.04439350528399,-25.690119849214593,18.266318502849916,0.9681135175897341,9.390735511719052,9.864296524082304,40.45014516874915,11.315532426741282,10.362666736375745,5.124007353292555,11.862781137518228,69.83750768367531,6.934943854752568,-2.1106425767367054
10,4.5242815951281425,2.8250169200101265,0.6077813374072819,3.6187997323921293,0.1429527973817115,2.9029265245775338,4.751954457602015,-2.17322134062489,4.53664160510173,3.1660936160411017,7.173859649732789,-6.328557497493981,8.493897971960296,4.812773483058058,3.6730523341111563,-133.7852385599285,101.0713221361892,58.917928499044535,1.3398725754243281,-0.14313323481048743,3.0154921143939197,2.9900488385079584,3.090390040335506,6.330984332748205,2.025197297944613,2.60295968547405,0.08440541401154038,3.660063271719481,6.27196813746836,5.648067348168163,0.3319892925863573,4.369106520994458,-0.8449155117832233,4.491515607652285,-0.25944469573288964,2.7405877361868254,1.9210796322173653,4.666291977664589,3.920506190049015,5.50804649266898,4.726274408951616,2.497558731636969,3.8129232678230407,0.4733169892810454,4.687274410525784,2.670607601141299,2.981123684363568,-0.02810455202729589
11,-3.482655084870053,2.5286078215838974,0.040364219148651195,-2.6516043664349183,4.146848304115969,-0.2051257296880684,-2.1059990209513155,-6.296536620052261,-6.375820120331906,10.470713415386658,3.7099445304398437,6.193327622538274,4.899110142245188,4.6183897327742445,5.852577041033191,4.408144682615955,5.771564823443756,6.381472414427837,-7.054732143018799,-0.8956049977442762,-1.9191780669211387,2.3859116321514198,-1.0804947383015153,4.119800432304258,19.33823898908868,0.8818422665009586,-2.2128861373322573,5.647327818497777,2.06735642422264,4.876560156732925,0.7958998299500977,2.731291365284745,-0.9810615471040367,2.631770886289572,1.0594793322730849,0.32655434480553425,7.25601639832957,4.613477696953038,11.38004554629619,-5.827691001300859,2.7215357143515777,6.211161700555298,-3.242079724788009,-112.7365324135882,5.5262936268370515,0.533583613854471,91.56961639388395,2.7525336906253557
12,189.76407603286424,190.68260911842765,190.1778808538333,187.30134261944514,182.74636978400542,194.01496352367266,185.85785911005001,183.0578226062361,187.7781635428836,198.94907272715236,12.897387243792027,9.893761590753291,14.499976551359154,197.02605061337425,193.32280688192117,22.299729309979103,17.839089351447015,15.002014404631858,185.47593582821247,20.07805387550014,190.26008193826132,21.648490439174203,191.97078301247427,192.06237991016363,195.72043681042473,22.682375326839004,186.76365812980632,192.35339975109162,194.45255107730426,194.25982336332646,188.30818604464784,195.0313868077367,184.08267628232642,194.86308778557338,186.44758875498982,191.5858830538435,194.91812044259743,192.26338482036002,192.21100067015482,192.27231868921976,193.6039356246126,195.42950141338687,192.53514173778632,188.5626153850901,194.3374676553061,194.2622202014184,190.38713397043787,185.78056483347885
13,5.3881721735900125,3.0231242109699483,2.3982843159712917,2.240469160383492,0.42626424734095103,1.1009396161080007,4.02077711361758,0.5385627265919851,2.6138410986059815,2.496761603809469,0.44089569391524996,0.5733195093755039,3.0956355768927466,0.6879811056123818,-0.3851538891457001,3.4125988931440987,6.490096463622689,4.599917393020684,1.9731860499247824,-6.332942320026105,1.6730990149504894,119.04737856918354,2.7681188833018693,3.3284182866724508,1.0384927718030255,-116.15938429809441,-0.764420477661752,3.560125209587527,4.037034357057513,1.8776258433166892,0.6516495049451777,1.70492399572207,0.19149810669293887,3.689592874492859,1.7044720967225755,-2.386221082920143,4.132121226572898,2.304695720224771,3.4978783041283457,1.4054051160541687,2.9738060288541934,2.531948848898081,2.1204056778124114,1.9879933347879177,4.140381515570862,1.6509322296556854,3.4829514361877654,1.1510793111231927
14,-9.593574387809094,-7.117556635624578,-15.004436106576293,-7.352130620241901,-21.98870847550299,-13.802861469657289,-18.167820151353727,-19.38388705131402,-13.643671822662666,-4.216529523608075,9.784025840579657,10.497181369872175,5.323049053661894,-7.712164580650726,-10.90662207259329,7.88278043706034,8.377368720177016,11.28259242844403,-19.953470363307805,-144.42255936651,-12.798249413165314,88.6265979110908,-11.617993475341725,-7.985513544416779,-12.047055949729,91.71689347107555,-22.536695229960245,-10.59509482565787,-9.685315308716646,-12.423335573827423,-19.900504564419332,-12.6181437608131,-19.09204948697197,-10.811773129631222,-18.669740281658186,-11.341235235016375,-16.065317596055866,-10.166495972142789,-7.129791123775763,-9.0628648890595,-10.660533281107389,-10.123181813338157,-9.197321012615516,-10.807726466834813,-6.021043871491867,-10.118959474441121,-9.576702491260898,-17.11993216672304
15,-39.24086987860371,-38.454487160941795,-56.72957555736759,-41.43695854804204,124.17858023992808,16.40936522752361,-42.592069914414786,-16.28591714033347,-22.67440547186681,-5.800103759918914,0.5381667689458105,1.013138920465437,1.308212978596102,-5.321099025555294,-2.802748517646316,1.951521653886974,2.0505139867647806,2.2998247562176566,-6.137452796147032,0.48503227130975696,-5.194281707780444,1.0386759485171781,12.855780124606628,-2.2469393190401457,-1.1898108629614115,1.1367273872155577,6.717240064638736,-3.309000024267953,3.0330484639171096,11.079693440456658,-19.367421008979658,11.124092658469321,-20.81834035304775,2.4379775280911153,-20.259657287918042,8.961813610269914,14.601421123501279,7.037940634789157,-8.300861244178321,-3.0423896396615038,3.594807204424792,-8.174430229394844,-3.053083924352155,-6.548438058725692,-1.747847923370946,3.0034634921853502,-4.917734385417653,15.547368059391173
16,9.68630072070004,5.697458985335633,4.776288529142468,6.906170585333555,-6.389814888279209,-7.24177721317271,0.8507795547846219,3.22517344794165,1.0593338131913839,2.500167680181852,0.6498600328356275,0.011309851133984299,0.19493359663833043,3.5936505221570627,3.4621790105235797,0.048789172572299096,0.07881671094926614,-0.42153456734695527,84.06837289000076,3.283656951336525,78.71502546199373,2.831748595269696,-11.829050737674622,1.7414930295437887,5.429940092771581,2.8635488410867698,-106.7423251540922,1.2241085147306616,1.4864800662704327,-11.409783400341427,-20.0729039981596,-9.843172150515223,-17.00456957624394,1.1667428177726415,-18.896860199336878,-5.2714629644793405,-14.632107824814229,-8.416879642319406,6.675494891866543,-1.0065391631134026,1.2915264905910817,2.542429059913107,-0.9454519931727484,7.927891244328631,0.9474421862623451,0.5316923954420467,8.780594775956581,-10.816993721794844
17,-30.048740221693105,-25.623356204773536,-17.694668931099752,-25.405517062283156,1.0985921970672572,52.18829471656912,-24.193608649798453,-31.528993776234334,-33.74282773321095,-15.437203818666847,-4.127599861943401,-3.0030152908959233,-4.478738645783951,-14.81045264447652,-14.577157428481232,-4.393300899358334,-4.655656284070998,-3.4925024349891474,-21.30910991842363,-1.5372467289383362,-27.85456160405936,-6.635532838899321,59.727413816121754,-50.76661197759876,-51.69289490700697,-6.511457522113261,26.711330731936865,-54.15182495320443,61.433852431216295,48.11586801554502,40.409703285715906,51.12683964453961,34.44842230827776,58.653076228041556,34.77859239033744,55.07779585384546,41.98399174000428,47.373786620270515,-51.43287971051404,-55.21356826571874,58.93518163293395,-56.620019513214544,-52.507935685684195,-52.80763523297839,-53.62765581172847,60.91575130806801,-49.81073897143596,45.573846685633
18,6.741975143094671,5.72470603267137,4.256706588787325,11.215473127286876,3.3142762245217448,4.599964453228132,4.728410860094685,11.148311643140257,9.984084170295946,1.0053856017052458,-5.596528555767073,-5.356509143259435,-5.670214238453716,3.965013899383793,3.765443089965723,-5.653724691694884,-6.261600218283652,-4.558993999056428,9.086492420047302,-1.2366457033091325,12.94812184408349,-1.448123845004432,9.268576834785708,94.65380755806612,12.37998966483037,1.0853633567350585,10.145215264069959,-114.01243123922762,12.108792347783478,7.167617179185984,6.218562142045904,11.318846409386861,3.5467733052763966,8.261322743746113,3.5195181806463203,12.004271130048432,1.4147059361522023,8.057621394674111,14.01434287826635,16.757111798207507,7.5831911211092535,11.324150646429173,28.1427534508484,7.682017617870516,23.622885487289487,10.232799627899912,6.494821578789143,2.0422873175961422
19,-3.9657579415775683,-4.621902915583082,-8.30358972332814,-1.3458306955221921,0.6444326268908821,-4.07054558114175,9.017621464254072,-7.2811118012345215,1.008908662933899,3.8950915124683045,3.526583396794666,3.0221589929702595,3.2791933677061675,2.3880794108043206,1.4142480899932683,4.41089940549309,3.0873224102835284,3.0178091898685167,-6.278188905313479,1.8541755983433656,1.3259680711063306,2.565172608895249,-8.871999209490028,20.587641260051832,10.569744703608833,1.6490674459772354,-1.8034408434881712,12.366529461703852,-3.0801141178480944,-1.532168138903276,-4.902482792273005,-6.127206161609715,-8.529457121897494,-3.548054420751553,-6.913437772629491,1.7420878327788214,-15.630517619602315,0.11180811624149879,6.190453944627731,-107.90957352940578,-1.8752753872126875,4.281337675174103,88.45228007175103,5.045512872822051,10.061044062554235,-4.617341724450518,6.909150606223792,-7.1946035169980505
20,15.4939835530383,7.044308450372328,14.19663275373278,11.184376448483441,16.30478849540999,14.954015425790397,16.801585131080614,15.314361894379008,16.639896657642304,-135.62705323293937,6.722985959916705,0.9150000729267809,4.297753704061186,96.06212199157477,68.02195075735771,-0.40648492786936813,1.7322375424708698,1.3180898496454254,15.346150768323534,11.118495528222402,14.680500115233743,4.928178615565719,13.954533571103306,16.203180640140246,13.567928619625862,8.182633889005215,15.170187474990996,11.833500023027517,15.636269846592015,15.810715649276197,13.421994215482046,13.975601527445427,13.684489581401577,12.95391981433592,12.827182973799149,10.256759206838717,15.35026999262303,12.296751610569647,12.532270342985788,14.956386534281,14.927683344998265,10.823650858778116,14.499360121968493,12.23930145719287,15.800396124965404,13.977826089083369,10.277422270746579,11.59936006961398
21,11.332027476668076,7.027141527470451,10.757187142875798,6.854854764857605,4.522906916949314,-52.4466271692401,16.057728119024716,16.169266516856265,16.17698541070899,9.674405276479822,0.3093371795007916,-0.5992178367095568,-0.26672787768195716,9.870817092086787,8.036511856686175,0.35581899582089843,-0.5687693847221121,-1.2701669154211583,5.154274935093738,-4.230374143541166,3.6135725977766397,-0.037703673989741796,14.475593896930967,16.296069799876935,11.971806621181821,-1.493270611955246,9.975163288210032,14.839357774412596,55.04382359347412,-65.27458233875103,0.7340728516347835,-73.48280551896923,4.984601455418817,55.11671390620428,2.9109799101341607,-43.726939129464036,-56.21070822719116,-67.53186672746764,18.26794289963597,22.985121380805797,55.55879770756276,19.31060491297943,20.448590805559338,16.902749216964864,22.007569319810933,54.48543094889309,15.757763755964563,-50.196210182218394
22,10.410197863938812,10.904552632575307,13.13086709362123,12.85337434062909,13.769329931680634,10.910645526576335,12.604771104233098,14.537204350353083,12.409815006678578,6.792634000297226,23.39895171632686,3.1770116298651563,29.90482530139175,8.62054397629652,7.980672232998323,37.36672833666629,117.5970079211919,-142.40790557699148,17.263071672851886,15.00438357235613,14.977169882906724,14.471153740040169,11.862194637986581,13.412291349654652,14.54110886209001,13.167734305018787,16.82511903149447,13.491444590695165,12.358310906933918,12.668896487912193,14.953228124650515,12.129701381780402,16.20335447583208,11.970705189462356,15.615775189375594,14.543712044825536,11.821873921199074,13.14593966737356,12.438170104422806,14.205518629237378,11.392398830978122,12.477704477989567,13.608311305481958,12.998265839460748,11.302874173975008,13.050462495490303,11.461712402003974,13.464834885447706
23,11.911245638190218,46.84048230938746,49.703538718230355,55.412136753243225,-2.098180790302163,5.174064721022977,-105.50538704185287,-78.09152824723515,-97.75062224140969,42.43828808800717,19.524348206426165,20.023939649782662,19.244425801256096,27.579099345332803,14.275270348937317,16.93395299158975,14.643916910997575,12.754139992097674,-37.57050182135861,-66.98960626706804,-41.97271150404429,-67.85207249008323,4.198104426863086,-0.745527984781905,18.091509513980267,-67.86936174618882,-56.2681970746699,8.715686116896622,-1.4299555346584993,-17.423676551816012,17.1665142115494,-16.278853954050806,39.944148899055065,7.828013612389606,37.28721179525242,23.201509009823,18.971929004971365,-0.6504518241105447,30.132080500645998,12.159031560941887,-2.968156480757008,19.695390796392505,9.127334239126808,35.7268005519759,7.310759871312875,18.851907862495146,25.32837455758149,8.007622013417679
24,5.160244090679998,6.620585578396683,4.355551449456593,7.638706972800243,2.00417892113612,5.1581819605183545,2.208390282323261,0.12045850570086575,3.937374344135462,5.928656724963888,123.47189400664432,-0.7442590998450695,-118.11679070537738,7.767017736841273,3.986028611862335,-4.270402968661436,-2.163178077515992,0.21612092849013895,3.2962376678236063,-2.342160656577926,3.2241509889881454,0.2230399190412375,4.78416249826155,7.841954474516112,3.0642756269253395,0.6820842644628725,1.9264779450828287,5.712779267929249,7.051192365429408,4.884395198428291,2.1155976060510993,5.512350271286135,1.8831079878601207,6.1013940665900375,2.7370466376259013,4.691027992395276,5.995441800863388,7.0138316428454255,6.486566189654082,6.303052167519394,6.80831823209514,5.075853990402261,6.935582776778407,6.275432925260568,6.485889137092901,6.18617637831487,4.185568330882523,3.031803265550717
25,-15.984870500421948,-100.2820552676605,3.5550513472652683,102.84896515144382,1.2646260331065469,2.67416409033579,-6.080606546915766,19.832356726537284,6.795801362795752,-6.265866894611572,-2.1521079941472046,-3.4290050140187383,-1.647606213083445,-3.3649579612596683,-1.1773788403776415,-2.861265546902684,-2.004424528013586,-2.319241266142851,0.6949969063509345,0.9210712942513539,1.2889784230719235,0.7207403100925022,5.067587783599802,-1.8562557285232526,4.272297158244708,0.45778575634515595,0.8389013228701108,-6.319072690278762,4.5535947675052135,-1.946941097162591,-4.91448777029639,-1.1038149036740441,-1.6902923172268207,-1.6193405259461557,1.4025036070580414,-11.682089840632113,19.4220678210101,-3.067670437176071,1.776037172044087,3.348755532100462,0.255459420504904,-4.761858581574547,3.4831919084132608,5.601521889947475,2.009767658659713,1.167992892260291,-2.4191678906766114,7.16784038039236
26,1.7710110465557969,-1.748824768947694,7.489885620517731,-1.93334230221037,10.86900502198144,3.118323398029421,-0.7496724916349768,10.934653441220147,-1.0048097060214847,-2.2793165435221026,3.0856936367889465,2.5580235452261175,3.6121064915194667,-3.287911738119087,-0.21522583930738462,2.57106088201379,2.5492620147970384,1.5265879289128015,105.04961612547463,9.51790730353996,-107.50683498833276,3.6660931570980666,4.828925049316125,-9.324605991165093,-7.939762756184576,4.965393856691467,9.169235009337129,-7.590976756843284,-2.9742131919419785,-3.185381758384651,12.56140609722899,0.452902939493429,8.877495727792585,-1.4192366991631042,9.27414015663291,4.25804978722077,2.319279348886473,-3.1488073218763883,-9.43743849136203,0.6752397898205632,-2.0554783999405695,-5.013843226793241,-4.124355565281984,-7.053579844374551,-7.315250834406681,1.3553520538464727,-12.345920796016458,2.924424986143112
27,-60.84570632854688,-53.99258902440739,-63.35811426726386,-56.69898439390877,-61.22871726841029,-15.676426822428073,-34.80298131383103,-42.10547146875088,-63.547774637578094,-33.79154173219837,-16.314522701829613,-14.126241797097066,-14.397860618533803,-36.574574101596234,-34.149657930266464,-15.178803983280304,-13.625880141085883,-16.025930163308207,57.86611326803485,-3.6693507664489484,51.63388890710731,-10.532622438326712,30.26217751218801,53.335454629511005,64.51815220318744,-1.2720826536951928,58.7586728147706,48.32236814808882,42.303809021013095,44.93977333546585,79.46735208023038,48.34474964795173,73.90401915155684,41.72496078304985,70.58708405343606,21.152065349526893,49.96040988628527,38.6183932167979,35.781106982277706,58.16204491901577,40.36149440780783,35.66529916684997,51.23289177246874,43.80463923646757,37.81628906153307,33.2148869776586,30.57227606883979,43.23961420356442
28,76.35184011829762,82.60254200999454,87.47983865911732,82.75129867365563,74.92001983772121,53.622664655739456,45.17981659864301,60.05030014808052,60.30987041371353,-120.16640426820454,18.460631780966168,16.54812984938572,20.156525475898647,-117.7684352856822,-108.10609618593102,15.022106924312643,13.044727714054998,8.108537732498041,46.62075295933314,57.731093375307,50.417904580840926,61.443462661377914,45.68609782902777,38.975859627176085,37.954781811488076,57.573004917499105,44.65863775069871,45.507843623313576,36.864843980665825,32.69575099926059,45.42405787772336,32.980964511375035,49.979701861258384,39.310046122222815,52.51343148870738,47.42391977877653,37.769882557693535,38.47327761057861,51.665481689957744,41.84332453898007,38.75525639002015,47.46351780287491,42.26640533520425,47.003376994062826,45.831081529852746,44.341992491762674,46.69536189366053,40.003326797558344
29,-1.398329048771301,-0.6763064298211556,-0.546544590767356,2.9689085308142023,-5.6241200511338505,14.565534414131323,-2.8855186080347006,-8.501339602470047,-1.3584597201583255,8.843790364035899,-0.33417945598057114,-1.081067291322231,-1.426369676250508,7.34025727575819,4.098632793690583,-1.5882919353244376,-2.0208829978356673,-0.7815379047758186,-3.6135113174608233,-9.680102457450314,-6.918485291455547,-8.64892694811229,7.180732146143432,4.518767052952718,1.4629998560468411,-9.622455241142353,0.24963931876282286,6.65177004148259,11.123268362460847,17.244946844521632,7.6833589198728625,15.115551391243557,0.9909975275996927,9.744740287721083,5.327823971593545,46.78438219237131,73.56438570127483,18.06285686387465,5.324561710071408,8.356618436459053,11.010444917876239,3.3628341506646233,7.093028778853174,-6.145315343347038,8.025389231122105,14.493954249408597,-3.305980971023831,-119.85309060526166
30,-58.038195711573366,-63.00897338658005,-53.76609163982921,-58.81339170985403,-50.253709549929695,-61.34098794947743,-53.473455095572966,-39.96621735788964,-48.532248755026224,-114.56865940119442,-36.22757121603074,-31.29080287446088,-34.8019066073342,-106.96271508976481,-101.4614963825796,-35.02327470137999,-36.26706200739488,-41.15555736990097,-44.12842426012183,-225.02721318829768,-50.16656469125606,-217.7076949594967,-52.26110108991667,-63.73453246196285,-61.987813918206584,-212.15442241651857,-45.02413333903213,-65.06279670035488,-62.68635157401796,-60.00638517225487,-44.973851424219895,-57.52268712311771,-40.648496212247515,-56.372827722024354,-46.34857715421806,-50.119515162980036,-52.47606115106197,-65.70591790752835,-60.07423512608805,-55.73192639802228,-60.15877255512385,-63.005571538629134,-59.55970234674012,-51.66840466288487,-68.121561584035,-59.512304532039295,-59.26076138216294,-45.38288218752203
31,-6.48009763431942,-5.798886747143637,-6.203854003551981,-6.950127226888278,-2.052685513729641,8.095096630344655,-7.670557540058828,10.701782298280873,-0.8693158923251264,8.63287965299084,5.789240676540566,7.212136805134832,7.153473236866062,7.716709374936434,7.570438919437842,6.695006831807111,7.770219701986287,7.285611089159957,-7.308538387305713,0.09757209322694291,-4.745787860207772,0.8688867342000176,-2.3907364717847224,-2.830489104418128,1.641270391730123,0.400907810054562,-5.471959438160867,-0.7033134265482356,0.186039255313388,62.384327879831226,-14.800693681318519,-111.83206854037022,-8.359263119009983,-5.029371775662103,-9.046397790288516,4.8908646218345035,18.56655253361016,66.72158710921991,-3.224397346239077,-2.5966270753930982,-3.0642538399020722,-3.08517783229352,-0.7968732263226233,-4.06065638549116,2.33251426639458,0.29717098581195023,-1.5667522893221972,16.68491468004362
32,3.175908708768856,-1.0166147140995465,1.287589104308241,2.2487930021718308,3.692719568759377,7.5685464391645265,5.422540806078468,-12.30534258234233,2.4284636390032452,-2.5857435916572427,-4.510822156508636,-4.392571667635938,-4.1739472247396305,1.1787034046641294,1.4984805386469602,-5.265353871484019,-4.6626183872073055,-5.3689040056145325,1.7821373321643783,3.039984414490172,-0.650760577056951,-0.8367158914180832,1.145755451690871,1.8767914302674706,-4.088228485092837,-1.0468018052868617,4.922359234666944,4.258444335682216,2.5886636164262273,106.30341409650585,3.0566202481088083,-3.455734653360036,-0.13762940242347446,-0.6834185354875292,1.6133302140173351,4.442973574081765,4.451658187684803,-96.36455817966076,-0.14148348008281103,-2.086126946223911,1.5919800289376962,-3.977349298819917,-4.810472838397519,-0.3090545758558184,-7.052745732959343,-0.7330491868944217,0.2698830341669408,-2.2956974302550166
33,-2.757862476828201,-7.761658568197668,-8.25495818016278,-8.362768299605222,-11.301065249967449,95.51729285501362,4.631656490408777,-8.504316956337254,-0.09818708636555469,-2.1170548702588095,-5.714291295285877,-6.041277417025455,-5.936598003238769,-1.850363515116732,-2.0666555318038577,-6.038728890770164,-7.130436427954893,-5.867107883200286,0.10110357229304044,-5.522889571088757,1.9784855381559676,-5.707903714627861,22.672285197510952,7.560582589837234,3.521951867349147,-4.888250947827548,4.418525938825009,5.1785233994752184,5.4797006572654805,10.25012973463201,12.194563274590367,12.778983552820105,4.01332685309679,4.095134817171669,6.222387504853722,-79.30717050921908,-70.57979886512314,12.005651437625058,-2.435790488180752,0.0053957220216521206,3.7256601031540377,-1.771243971895053,1.0805106563982074,-2.4863235627431997,0.7718303392660602,2.1309531744642616,-5.136521998646253,-62.78428563213804
34,-17.73149746423569,-10.350061317571873,-18.70368881183278,-13.992585709631781,-11.793309504572216,-7.535542783020768,-1.421460077944898,-11.001317679590395,-6.038591791146124,38.0548953774081,200.22958992089968,203.12894394345307,202.40264058429526,23.209300021829364,17.763521864823602,191.86728384119007,184.59898372988422,194.71878729422707,-7.158606990007205,48.49466540149935,-8.116049824577411,56.96158088477428,-8.588595874667137,3.3651612797358488,4.637258889317387,53.18898321128064,-2.530355841364601,8.649035308241622,1.7959384373438396,3.195145750519053,-10.423497196920092,-1.3464427822957798,-12.147487284519132,-1.0647495395577888,-10.700678720974445,-5.330093394750248,-1.2409160972692193,8.526318545507374,-1.8047433475308994,-3.808248906317001,0.2000062622023633,-1.0445761548231847,-0.4012901452312755,-8.666917416719809,2.6671953209576866,-0.11786958296899451,-5.785177579866685,-6.2531254759213155
35,0.6945772857092437,4.597128453190798,2.3367367772225216,3.749045755092898,-0.23861243925301456,-81.69948847001108,-7.531292576557673,-8.173283451983156,-5.593415702077199,9.14862763712278,0.3911675077623291,-0.14076628210132902,0.024832276802707706,9.182240376335667,8.579685144358775,-0.35178497071328607,-0.986968127335504,0.10808944469388035,-10.86375963473266,-7.601551295107395,-10.765435547845424,-7.2292704850457605,-13.711188883674215,4.211038012788531,2.012592405863647,-8.248232395789685,-11.803603728996574,1.6441718241271774,20.82704016026718,55.62326298867942,-16.155473513600118,54.76939187044561,-14.393017203095434,15.13623085307829,-16.630082160434455,-73.25734778690091,-33.83102235895947,53.16936421394902,2.118323852682091,2.559523692522569,16.36662920458675,0.992734603002946,0.6778608600623235,-2.892687744161824,4.568107594712129,17.536000563301226,-0.7080625283865742,-42.43763203587593
36,-0.1548445772203732,2.540367116692657,2.110297384141641,1.4104689531275398,-13.447657543936241,1.1942274608165337,-25.813017096163154,22.03033104780021,-8.610720341339677,-0.3286365526325783,-0.7342266588906463,0.10691763610815873,-1.9150710492759235,-1.374772372999651,-0.8710398365498861,-1.0806557412893834,-1.4111046142068087,-0.30227164433853,-5.276109135201641,-1.2255915482403228,-4.379654831280251,-1.5047336292451876,-22.404500636872484,0.8942846794043477,7.035929696602555,-1.5664481110029873,-11.168914752636615,1.9445669105112757,29.720615653366824,9.482349540181996,-5.583446841534922,12.409389705331852,-8.458545290799242,34.328562873353704,-7.307048770600243,6.0981073074169965,-14.830809625613986,8.27843314884923,-3.911979777150939,7.1816293133290285,74.33300712337295,-2.1386637629754155,7.484873495259785,-4.883233478198281,14.41981156601302,-90.26241384562285,-3.7723259334193733,-8.529284082180524
37,18.333315531213238,49.692898932057986,-112.45410128709874,81.95898241728916,-24.329922754375506,-9.280763302728825,-7.030966044353827,-4.231811860301457,-3.8519931106513097,3.5639112693265673,-0.771464248099808,-0.5352124802553785,-0.7861797011963624,0.44481104342799294,-0.6323368353249379,-0.8808648117103288,-0.18770588668097304,1.1827639935577308,-4.766047375925726,-7.60327787676948,1.778893824380768,-3.9342296003142865,-8.35994867289674,5.8789815290721945,1.824070420879838,-4.593223731081272,-10.844894863776974,3.5401168645744368,-0.07229122729797444,-5.091379705728821,-8.63147340743726,-6.468743917394866,-8.031342225972333,-3.862506365299208,-6.295264314323781,-6.711296376799871,-4.1013279996341305,-2.795172508017771,12.16732901644099,6.608035398325221,-1.1030704856162103,8.220010269068828,7.436749956903852,9.24667752454854,5.397503399714683,-0.5194317356221241,5.643534510293847,-9.182306517770018
